-- phpMyAdmin SQL Dump
-- version 4.9.5deb2
-- https://www.phpmyadmin.net/
--
-- Host: localhost:3306
-- Erstellungszeit: 17. Apr 2022 um 12:37
-- Server-Version: 10.6.7-MariaDB-1:10.6.7+maria~focal
-- PHP-Version: 7.4.28

SET SQL_MODE = "NO_AUTO_VALUE_ON_ZERO";
SET AUTOCOMMIT = 0;
START TRANSACTION;
SET time_zone = "+00:00";


/*!40101 SET @OLD_CHARACTER_SET_CLIENT=@@CHARACTER_SET_CLIENT */;
/*!40101 SET @OLD_CHARACTER_SET_RESULTS=@@CHARACTER_SET_RESULTS */;
/*!40101 SET @OLD_COLLATION_CONNECTION=@@COLLATION_CONNECTION */;
/*!40101 SET NAMES utf8mb4 */;

--
-- Datenbank: `clanms`
--

-- --------------------------------------------------------

--
-- Tabellenstruktur für Tabelle `clanms_event`
--

DROP TABLE IF EXISTS `clanms_event`;
CREATE TABLE `clanms_event` (
  `id` int(11) NOT NULL,
  `title` varchar(100) NOT NULL,
  `description` text DEFAULT NULL,
  `created` timestamp NOT NULL DEFAULT current_timestamp() ON UPDATE current_timestamp(),
  `start` datetime NOT NULL,
  `end` datetime DEFAULT NULL,
  `event_cat` int(11) NOT NULL,
  `id_user` int(11) DEFAULT NULL,
  `id_game` int(11) NOT NULL
) ENGINE=InnoDB DEFAULT CHARSET=utf8mb4;

--
-- Trigger `clanms_event`
--
DROP TRIGGER IF EXISTS `delete_enrolls`;
DELIMITER $$
CREATE TRIGGER `delete_enrolls` BEFORE DELETE ON `clanms_event` FOR EACH ROW BEGIN
    DELETE FROM clanms_event_enrolls WHERE clanms_event_enrolls.id_event = OLD.id;
END
$$
DELIMITER ;

-- --------------------------------------------------------

--
-- Tabellenstruktur für Tabelle `clanms_event_category`
--

DROP TABLE IF EXISTS `clanms_event_category`;
CREATE TABLE `clanms_event_category` (
  `id` int(11) NOT NULL,
  `title` varchar(100) NOT NULL,
  `description` text DEFAULT NULL,
  `image` blob DEFAULT NULL
) ENGINE=InnoDB DEFAULT CHARSET=utf8mb4;

--
-- Daten für Tabelle `clanms_event_category`
--

INSERT INTO `clanms_event_category` (`id`, `title`, `description`, `image`) VALUES
(1, 'E-Sports Fun', 'Spaßevent', 0x89504e470d0a1a0a0000000d49484452000001000000010008060000005c72a86600000184694343504943432070726f66696c65000028917d913d48c3401cc55f5b4b452a45cc20e290a13a59101571d42a14a142a8155a7530b9f40b9a1892141747c1b5e0e0c762d5c1c5595707574110fc0071747252749112ff97145ac47870dc8f77f71e77ef8060a3ca34ab6b0cd074dbcca492622ebf22465e11421831f441909965cc4a521abee3eb1e01bede257896ffb93f47af5ab018101089679861dac4ebc4539bb6c1799f58606559253e271e35e982c48f5c573c7ee35c7239c83305339b99231688c552072b1dcccaa6463c491c57359df283398f55ce5b9cb56a8db5eec95f182de8cb4b5ca739841416b008092214d45041153612b4eaa458c8d07ed2c73fe8fa257229e4aa8091631e1bd020bb7ef03ff8ddad559c18f792a24920fce2381fc340641768d61de7fbd8719a2740e819b8d2dbfe8d0630fd497abdadc58f80d8367071ddd6943de07207187832645376a510cd60b108bc9fd137e581fe5ba067d5ebadb58fd307204b5da56f80834360a444d96b3eefeeeeeceddf33adfe7e00050d727b07b45bf800000006624b474400ff00ff00ffa0bda793000000097048597300002e2300002e230178a53f760000000774494d4507e603050f200e05d796450000001974455874436f6d6d656e74004372656174656420776974682047494d5057810e1700001d964944415478daeddd79781ce57d07f0efec7dea5edd92651db664c917c6d89886922725c140e2b40d9002093968a14d9a8396943c3449491a1272b45c4d9a40084e2038a140a010524e9714630cb6b12d59b67558b7ac63b55aadf69cdd99fe6194077b6756b2654933b3dfcff3f80f66c6c83b3bf3d5ccfbfedef7153a375e2a8388b29289a780880140440c002262001011038088180044c4002022060011310088880140440c002262001011038088180044c4002022060011310088880140440c002262001011038088180044c4002022060011310088880140440c002262001011038088180044c4002022060011310088880140440c0022620010110380880140440c002262001011038088180044c4002022060011310088880140440c002262001011038088180044c4002022060011310088880140440c002262001011038088180044c4002022060011310088880140440c002262001011038088180044c4002022060011310088880140440c0022620010d17b58b2e9c39e88c79094a553b6c900e2522ae3df4b481252b2acba3f29cb104ffbff9efe43225232e3cf88cff2334449425c92b031af00cb9d1e437e3f126488923c8763a4ccc7c8324439f3ff2725cb69d7c27b95db9d30090203c0284449c275ad6fa077961b51f306807f5bd684cb8aca6133993471d3ee0b4ee0a1816ec43204694292b03b11d6cd697ea5650baa9d6e068051f4c722fabff9df754b6f3b5e1e1fc1979737a266092f527f228e5f0e1dc7fd63fd86bb5edac35359110059d30670243c65a8cff35c78021f6e7d03bf1f1bcafcfab1104f53b28497fc27f09183ff67c89b1f005ef19fc88afb226b0260a77fc4709f290a199fef69c31d1d87301c8f2ecacf3c1e9dc6ed470fe0e6ee431859e4e0594c4f4c8dc32fc61900461010137832346ed8cfb723388a8f1cda8597fd27323624ce472495c4af877b7169eb1b863e97ef752c1c621b80117447a615b77fd095878db985709b339f0697d99cb145d82208191be40408709acd197f865d3065fc197db1306eeb694714ca377840967053f721dc1018c74dd5f528b639cec9b993011c0a4de207c70f63577c611bf1eacc56545833ffbbdd660b722cd68cc738cd66b84c99cfb7c36c86fddd634ec463f8f9c450da317b26fdb830af8801a077074201c5edd796d7e04ff27dbaf80cabbd7958e3cdc7bd3d47f15486dfc0db03c37829388a7fad6dc14579be7975654d8809fc6aa807778ff6ce7aecfb9d39f8724d23ea5c5ee5474d01b00ada7ce09c10138a01f0c8f800fea6aa7ed6f0e62b80862565094f8d0d28ee6b50b958b5aacae1c29d2bd6e2de9ae68cc70d4a297cbaf300eeea3e8cf1c499bfc7a66419af07c670fda15d73baf9efac5c897b579d8f559e5cd84d26c53f5abdf901a0c06ac3d5b93ec5a7aaeee834db00f46c2016457b3291b6fd628717c57687ee3e8fd564c2e5be72bcd2b2051ff114663cf6671343b8e6d02eec9c188134c7b681a17814dfee6ac50d9defe0584acc78ecd5b93ebcd2b205579755c369d2f76fc94b0a4a949f1ea7020c007d37e42877ff5dee2b879eebbcaa9d6e7c77e5ba599f067aa5246eec3a88fb7a8f62524ca81e179724fc6e6c081f3af83a7e11c8dc05566132e3c7cb5b7047c31ac3f49537797215b7ff66a40fc9056a5865002c823f04c614b737ab7ce17a627bf769e0f7cd9bf10167e6cf73df583f3ed1fa06f604fd69cd889d9110bed4fe36bed0d3a6dac838e3e6a24afcd7ea2db8b4a84cd38ff567aac2eec4167b7a98b526e318884518007a349514f1d8647affbf13026a0c544f5feff2e2eea60db8a3a221e371edc904ae3db60f3fe9ebc05452c45452c4cf06ba7059db6ebc180966fcbb17d85c787ce5f9f887e54df0d91cc6bb11040157fa2a15f71d9e0e1af61e31742f805af7df0d4515866bd9759acdb8aebc06e7e5e4e33bdd6d19bbec7e30d283570323884b125a93b337127eb3a201db4a2a67ed2ed5bbd5de3cc5ed2f8d9fc0e5be723e01e8cda1d0a4f26fb3dc42c37ee6264f2e7edc7c016e2fabcd78dcde4474d69bff239e42bcd07c21ae2daf31fccd0f00cb5d6e9428bcd63c33edc75822ce00d093942ce3b72add7ff56eafa12f64b7d9824f57d6e1c9c68dd860739ef1dfcf174cf88fe52db86be53ad4ba3cc8160e9319d7155729ee3b66b0b124860f80a1781407c458daf62d76374a0df80eab648d370f0f346fc23f94d4ccf9efdc58588e67575f840f1595c16acabef96236aa3c1dee9e1c6700e8895a625fe1abc88a891e66e458acf8dbea063cd5b811eb3394d9b658ecd85ebf0e5f59be0a257607b2955a71d8c3e38308a7920c00bdd815504e6c2374ff9d8dd5de3cfcac65336e295996b6efd6921a3cbc7a332ecaf76555382ac9b3da705d5e7a51501432ba22d30c003d984e26b13d30acb86f7916bdd32a3d0ddc5cdd80471ad6a3ce6cc5a5ae5c3cdbb40937553720cf62039d747141b1e2f6770c581568c8a6dde32af5db9f2e28cf8ad6eccc892f60735e111e5bbd052eb3190e939977fc691add398adb1f1fedc3b5e5cb6031500194219f00d4baffb6187c68e79928b0da78f3ab28733871b123bd2da03d99405fd4585581860b004996f1fbf121c57d0d06effea373f7947485af42715f9bc1aa020d1700c3f1a86215dc7aab03657627af6e9a93d55ee5c6e2e7c786203300b4ab23a23c8dd3b6e24a98b3bc859be6aec6e9c132537a7bd10b91498cc6630c00ad7a73d2af92e879bcaa69ce6c2613ae51a90a3c6aa0aa404305402495c2237ee5f77fa3aea6430b67434e81e2f65d93630c002d3a1e9d561ccf7e7d5ee9ac1349129d4eadd1f841ff1042499101a0356d21e516da8b7432f127694b8ec58a1bf2cb14f7751aa42ad0300120037841a5fb6f05bbffe82cbdaf40f997c7fea9090680968cc4a3d8194bef0168b2d850e170f14aa6b3b252a52af0d1913e24248901a0156add7f7f595c050bbbffe82c95da9d8af32df64a49f4c5c20c00ad783ba8fc48b686dd7f340f0280ad2ad381b586820c002d884929fc6a7c50715fad8bdd7f343f2d2a5581cf8e0e40d2795da02102a02712464061a5daab727c1ce64af3b6cce9c60a737a37f2ce5808233aaf0a3444001c0e2b3f8afda9cab86ea23361154cb8caa05581ba0f001927a76d56b2d293c3ab97329220233887a29ef52a5581af4d8c320096d25822861722e9e3ffebcc5654b2fb8f3248c9321e1feec3578eeccfb86c1aa03e93f42f0227e614200c8005d21956eefefb98afd2504b57d1b9959024fcb4bf13b70f1cc3cbd120bed5d58ae90c937e7acc16fc7561c5195d830c8045b057a5226b5d4e3eaf7252144da5704fcf11fc70a4e78fdb9e0ef9714fcf51c43314f7a8cd28b557c75581ba0e80b8246187cae21f752e96ff52ba5052c49ddd6df8893fbddbf8e71343f8cfbe0e2465e51058a1d2a6b47da4177129c500586c7dd1304614beac6dde421458d9fd47a79a1013f85ac741c505636738cd66a8ad065e6c7360ab3bfdc9724496d01b0d3300165bbb4af7dffb0b4a78b5d3290663517ca9fd6d3c3badfeb8fecd8a067cb6b24e75452401c0878a9447071ed26955a0ae03e015bf729237b2fb8fdea33b328d9bdbf7645c31f9fe9a66fc5579cdacd3c6ad525958e6e9d17e48b2cc00582cfe445c31cd2b4c66543bdcbcea090070783a884fb7ef417b52bd9befc1ba35b8cc578eb90c19ab76bab1566189b55df13086e35106c062e95419fdf7715f156c2676ff11b027e8c735ed6f6150a581ce0901bf5eb101979cc12ba34510b0cd57a9b8ef880eab02757ba7a82dd3b49edd7ff4eeebe1b5c7f6294e11079c2c147b62d5266cc82d38e3ffb75a17f3abfe1106c062102509bf51e9feab67f75f569320e399d101fc4df741d563d65b1d78a069e359cf1455eff2c0a9f0c2b023383a6b452103e01ce88b45d02ba5576d5deaca45a1cdcebb204b256519bf1c3c8e5b7adb558fb9c4e1c5fd4d1b51ed3cfb762297d9824f15295705aa4d4cc3003887d446607da8686e0d39643c7149c24ffa3af0ada12ed563fec25b841f349e8712bb63de3f6fb34a55e05b413f0360a1fdef84f2bbd62a76ff65a5482a85bb7b8ee0df477b558fb921bf0cdf68588dbc735420a63a57e0683f623aaa0ad45d0004c4049e981a4fdb9e2f98e6f55847fa342926f02f1d07f1807f50f598cffbaa706b6dd3395d1abec866c7366f61daf61159c2f1489801b050ba54e663bfbea892cb5d6799b1440c5f3df60e9e0c8dab1e735b692d3eb76cc5825c1b1f282c55dc7e301460002c94032a27f7fcb3e8ce21fd1a8c45f0c5f6bd7831a25e82fbbdaa467ca6b276c18685ab55053e39da8f944eaa027515004959c213a3fd8afbd8fd975d461231ec494454f7ff78f96afc4569154c0b38257c95c3850db6f425e7f726a218d24955a0ae02602016c5b154faec2b9738bc283e072dbba41fe7e514e0a1bab58afb1eac5b834b8b4a17fcdf60ce5015d83e1d64009c6b6add7f5b7d15ecfecb42171714e39e9a557ffcef12c184a71a379e5169ef7cad55a90a549ba79201300f7f50998091dd7fd9eb725f05be5db9022bcc566c5f7501562ff24230b52e0ff215da189e0c8dc32fc61900e74a30296247303d009c10b0ccc9c53fb29500e063a5d578b865f392b403394d665c5fa4fc1ad0a183b902751300dd2add7f9f2aaa80cbcceebf6c66160414db96ae0d68535ea1e2f63727fd0c8073e550685271fbc6dc42de01b4a41a5406153d323e80682ac50098af942ce36995d17f0d6e76ffd1d22ab4da7175ae2f6d7b4096d01d9d6600ccd7602c820362fa1a6c9b6d6e94d8d8fd474b4fade7e1c0548001305f6a432c3f5c5cb1a0851e4473d5a45215f8c4683f921aae0ad44500bc1e1853dcdeac72d289165b85dd89cdb6f4c16807c41806631106c0d90a2545fc22a05c5451e362f71f69e44612047cb858799290c31aae0ad47c001c575970e1b305e5f09cc3e19d44f3b5c6ab5c15f83fe3c30c80b3d5aad2fda736230bd152a975b951a25015f8ecf404c6137106c099926419bf1b1b52dcc7ee3fd21abbc98ceb8aab14f71dd5e894e19a0e80e17814bb13e9af00ebad0e94d99dbce24873d40ad3764f8e3300ce945af7df478bab665dc289682934a88c4778787c10e15492017026d46aa95bbcecfe236dcab3da705d5e7a515014b2ea7816068082482a8547fccaefffcb39fa8f34ece28262c5edef68b02a50b301703c3aadb8acd327f24b9163b1f22a23cd6a549932fcb1915e88b2c400988b3695f5d6b7e4f9788591a695399cb8d891de16702c25a23f1a6100cc4606f0c2b8f2e3ff4a76ff91c69920e00a9f3eaa0235594a37128f62672cbd07a0c5624785c365d80b47828cd70363188ec50cfb19d7e7e467450d875a43f5ff8c0fe38a62edcc61a9c90050effeab346cf75f5c4ae197833df8ee896ec3df1cf7d634e3b2a232438fe45ceef46099c992b688edf3e100461331cd0c63d7e42bc05b2add7f6b1679c2c7c5e217e3b8a3f35056dcfc00f0859e36dcdd7304a1a468d8cf683399708d4a55e0b169ed54056a2e00a2520a8fa974ffd51a70f45f6724849bdbf6e037c1b1ac7a4ffed1f8006e39b20f7dd1b0613fe3861ce5d5aa7669a82a507301d01b0923a0d0557275ae0f79169ba12e903d413ffeeaf01eec1763c846af46a77045eb1bd8393102d9809f4fadade301ffa0669e7e3417006aada417e7171be6c21025098f0ef5e0da63fb14c32e9b4421e3c6ae837868a00b511d2dab3d1739162b3e99afbc42519746aa0235d508280378d1af3c767aa54116ff082645dcd77b140f4fa88f117742c0ddb52d5866a0e5cef74cfaf1f5c10ed5fddf19ee465b2888afd436a1d44003bdde975fac38a1cdfea909ac535955286b03602c11535cedb5ce6c45a501bafffa63117ca3e3205e8ba92f18d164b1e1fb0debd168b0d58eea5d5e347a72706bc781b496f119cf4cfbb1b7f50d7cbf7e2d2e30c874ef6adfe38ed17e5c5fbe1c56d3d23e846bea15a053652595ab7c550bb6c4f36239149ac4f56dbb33defcdbbc8578a87993e16efe19e7e514e09196cdb8d2a3be94fba094c2b5c7f6e1d1a11ec425fdbf1e95da9df88033bd26a02b25a237b6f40da09abaabf64e4d286e5f9ba3dfeebf942ce399d101fcf991b73098e11df7969265f8d786b5f0197c9af332bb13df5db90eb797d5663cee1b831df87ac7018c26f4dd402a00d8ea2b57dcd71a0a320066c425093b5416ffa873e9b3722c9c4ae2fedea3b8a5b73de371f7d634e3e6aa0638b364893387c98c4f55d6617bfd3ac58535673c31358ecfb6bd897d2abf18f442ad2af0b9b1c125effdd04c00f446c318516811dfe62d4481557fdd7f27e231dc76f41ddc37d6af7a4c85c98cc7579e8fcb7de559b7be8100e0a27c1f9e6ab9101f74a93fe1b52713b8fae85efc766400499df6982c73bab1c29c3e82f5d5e8144ec4a30c00003812567e1c7aff22aef57eee3ecb14fefaf09b783eac3efefb03ce5cfcaaf942acd7404bf052aa74b8f0fdc6f5f8627175c6e3feb1af1ddfe93a8c8098d0dd67b40a267c4ca373056a26005ef18f286e6fd251839804193b274670e5e137d19e54bf506f2aacc00f1bcf438583f31a0280db6cc1e796adc083756b321eb73d308ccf1d7e4b17cb6e9f6ebd4a55e01f26c61800e389389e9d9e507c44ae72e8a32f3c2ea5f0507f376eec3a98f1b8ef54adc4979737c163e19a06a75e88022e2928c10bcd17628b5dfd3bdf938860ebe1ddf8ddd81024593ff5836a73056e0f0c23b88455819a08802e95d17f1ff755c166d27ef7df5c06f33821607bfd3a5c555a0d0b27345555ebf2e0be551b71636179c6e3bed0d3867b7a8fea664091c76251fd4c9d4bf844a389bb6bbfca5c697a783f9ecb609e0b6c2e3cd3b21917e57336a3b9c8b55871ebf255f8f765ab321ef71f63fdf8c723fb7533a0486d36abbd4bd8cbb1e401204a121e57e9feabd778f7df5c06f35c9757821faddac8894ccf90f9ddb5f6febb69135a2c76d5e35e8e067533a068a5ca5c818f8ef62d59d1d39207405f2ca2581abad59d8f229b5d935fa4284b786c78f6c13c5f2bafc3ed752dc8b3da78479fa5264f0e1e6cde846b72d50783cd0c287aa0bf13d19476071415db1dd8ea4e7faa1d9452e85da2a798250f00b5eebf3f2b2cd5e497389514f1bdee767c6da023e3fbfe83756bf0c98a5a5db461685d91cd8e7fa95f8d6f57aec878dcf74e1cc73f771cc089b836ab0705001f2c2a53dca7b606e6425bf2a6e8fff58faa26bfd69cc9609e229b1dfb8213882dd010d76aa71b157667d61410594d265c53b60c0d6e6fc601454f87fc78bb7597660714357b94ab027f3bda8f8f96542efaf7b9a4011010137832943e3b4abe6042b5c686c21e0a4de2f3c7f665ace7dfe62dc46db5abe0b339d0361dc48ee15e3c155a98d95f1ea85d8332bb13d9f67c715e4e017ed9b21977751dc67361e5c6b3990145dfac68c0c74aab35f51456ed74a1c9624bab13d9150f63381e5bf4da90253d336add7f9ff055c261d2465d3c07f3684fb9dd89bb1ad7e1abb30c28fafa6007beddd50abfa89da5b92d820957a9543daabd0e1b36000ea8bcf7a8cda5b6d8389847bb1c26333e338701458f4e8ee053adbb97ec1d5b89da4420afaa54c31a320092b28427469507ca68a1fb6f2e8379eacc563cd5b8312b07f368c1cc80a2df346f525c8967467b32818f1e790bcf8e0e22b500d583094942fc3d7f62520a5349f1943f013181b1441c6389383c66e537ef1dc1514c2ef25887256b03188845712c955ec5f57e670e8aed4bfb18dd361dc4adc7f62bfefb665ce6cec3ed752d283b8be9ab4a04131a6c2ee4ce63925387d90c46ce49cb9d1edcd3b4010ff477e247e303aac77da9f730de0cfa51e374239a4a2171da2bdd849838a5964094248c9ff6fa70428c65bc2ee6ab2312c2c6456cbc5cb200501b056511043c3edcb76417d3744ac49dc399e7e7ffbba24adc54dd00b7f9ec4e5f8bc38b2b8acbe7551c546c7740ef0f1da22c21288a981013984e8948481204003693191eb30505361b722cd639cd06e5b558f1c59a46347972f1f73d6daac73d3639024c6af79cbc1d9cc88e00f8c38472f7df8b91a0e2bc805af1bdaa466c2b99df0a4585361b1a5c390bd2d5194c8ae88f86150798e45aaca876ba675d5d792c11436f34ac589d566277a0d2e1526ca49d4a8ae88f45141f634bed4e543a9cb09bcc906419013181aec8343a2221744542e88e4ca35f8cc12208a8b03ab0dce941bddb8315ae1cd4b93cc8b5da667de2310b02b6facaf19ccb837fee38a0cbe9d61f19edc3672a6b615fa446f02509806052c48ee0a8aebe9812c184bb1bd62d6a3a9f8d49318197fc2770bf42dbc5dffbaaf1e72595b306c0703c868707bbf1fb70faafca3b2b57a2d06a570c805052c46b13a3f8e1488fe2df2bb096c22298301c8f62f7e4385e1c3f8197a3e961df95124fd65a04802b3d05b8aca81c1b730b5038c7cad095ee1cfcb47913eeef3d86ed81615d5d6723b284e391f0a2cd0bb92401d0ad9139d1e7ea4fec1edcd1b0c650d3742f04b320a8f6b9c7a5144459c26822869d1323f8f5485fc63913663c3b3d81e9a408bbc9840bf20ae7fcda956fb5e1b6ba555835928b7fea3fa2abf378303469ec0038149ad4cd97f1c9fc527cb1a611b9b3fcd624c02408aa439de39284f1441cbdd1309e1e1d98d3cd3f63672c84eac0282a1c4e34b873e6dcf869154cf8cbd22ad4bb3cf86ae781056bbcdb6c739f127c56c194368ec565b6c0795a387a2dd6537a8fcc820097c902d72276272f7a00a464194f8f0de8e282fe46793dae295bc67afe391220c0a4727b4ea744b44d07b12f3881fd620c1b6c4eacf3e4a3d4ee844900c612711c0c05b02bae3c28e6e5e01836e715a1cae13ee37a8bb539f9f8d59a2d984e264fb9d92ca7352eda4ca7feeb4d10d2e6edb70882a156a85e9200b86bc53a5d3cced6383dec6a3ba300806a3dc4b170085d9169ec8b04715d5e09de57508c1aa71b5eb3158270b2e86aad370f65fe1378622abd7c7a504a9d6c604c26e0349f79d76b9ec566b8b525751900369349f3e3fc697e21a0e485c8c9d7be8fe716e30a5f059abdb969eff345563b92b28ccee8340e28b4e00fc42208259328b3f33c9fb3d7369e025ae89b7fc67aab031717146395c2cd3ff34e5ceff2629d47b954762016413895e489d6f313009d2c33de3f358189b31ca4926fb5a1cae18257670d939b728b50eff2aa96c2ce7cb6e52e37a0304bdc60229a56bd470c00dd792d16c26b83673f11e4ad2535b8b2b8527701b0c2ed45f12ca3259d66b3eabbfa98945a905a7ebe02102db03ab3154556fbac5d5c16c104bb4aaf4b409690820c4600038074a6caea80d36c9975d4a44900cc996aff6530021800a43739161bac73e83f1720b0eb956d00c636dfe1c079569bee8a51cc8200817326300068fec3813d160b72b8b4183100f4692187039f0bb22cb3b59d6d0064341264cc65fd1951969774c14a6200d03ca8bd69c75229a4e4cc1190926544a5240693719e480600e9ee0b1504d56eb4093181d82c6bd0455249f813898c53a0130380342ad3a41c1dd110826222e3fbfdb818477724c413c900203db20a26d56abbd6641c03b128a654deef23a9148e47c2787b0997ab260600cd83d36cce585ff076d08faec874da849f714942672484d70363d89388f044660976031a2d004c66145a6d68b1d8d1aad090f77cc80f9fcd0e499651e170c16e3221f6ee641bff37318a9782a3d8eace475296146767965988cb00206db70114db1d383fa700ad13e933e24621e317fe210cc4a27f9c9463524ca0757a122f4682b826b7186bbdf91888851503406204300048db8a6d0eaccfc9c7aee0b8e2449851c8782e3c91b6baee069b13efcbf7a1cae9464065ae02593ef987d806401ae5b558d1ecc9c3e585e51917ce7caf268b0d1ff655606d4e3e8aac76d8551a12455982c427003e0190760938b984f69f1595c22400cffb87334ec37d89c38b4b8bca7051be0fc536078249517579f68424b14cd848d74ae7c64bf96d2e809939f0630a05354eb319cb9c6e145a177676cb8424e1443c8aa3e1291c0d9f5c7eab371ec6784a44b1d98a7aa7172bdc5eac74e7a0c19d8342ab0d2641404c4a612016c1483c7d62ce4cd3914553271b13c712e97fcf613af9998b6659dd4792650cc6a3e88b2a4f0f5ee374a3dce1e290610600cd850c209a4ac22f2610141388be3bad965910e0365b5068b523cf6a539d8587f80a403a7f1d70992d70992da872b87842e8148c7d22060011310088880140440c002262001011038088180044c4002022060011310088880140440c002262001011038088180044c4002022060011310088880140440c002262001011038088180044c4002022060011310088880140440c002262001011038088180044c4002022060011310088880140440c002206004f0111038088180044c4002022060011310088880140440c002262001011038088180044c4002022060011e9c3ff033e725405cf3a77370000000049454e44ae426082),
(2, 'E-Sports Turnier', 'Turnier-Event', 0x89504e470d0a1a0a0000000d49484452000001000000010008060000005c72a86600000184694343504943432070726f66696c65000028917d913d48c3401cc55f538ba215073b883864a8ba58101571d42a14a142a8155a7530b9f40b9a3424292e8e826bc1c18fc5aa838bb3ae0eae8220f801e2e8e4a4e82225fe2f29b488f1e0b81fefee3deede0142bdcc34ab631cd074db4c25e26226bb2a76be2288107a10c3a8cc2c634e9292f01d5ff708f0f52ec6b3fccffd397ad59cc58080483ccb0cd326de209edeb40dcefbc411569455e273e231932e48fcc875c5e337ce0597059e1931d3a979e208b1586863a58d59d1d488a788a3aaa653be90f158e5bcc5592b5759f39efc85e19cbeb2cc759a434860114b9020424115259461535f25e8a45848d17edcc73fe8fa257229e42a819163011568905d3ff81ffceed6ca4f4e7849e138107a719c8f61a0731768d41ce7fbd8711a2740f019b8d25bfe4a1d98f924bdd6d2a24740df367071ddd2943de07207187832645376a5204d219f07decfe89bb240ff2dd0bde6f5d6dcc7e90390a6ae9237c0c1213052a0ec759f7777b5f7f6ef99667f3f703472a640b77cf600000006624b474400ff00ff00ffa0bda793000000097048597300002e2300002e230178a53f760000000774494d4507e603050c2008eef28d290000001974455874436f6d6d656e74004372656174656420776974682047494d5057810e17000019e14944415478daed9d797455d5bdc73f9907208140020142c24c980cc88c38a228a238a0cfa738b7fa3a58b5ab7db5fade6a6dbbb4beba56adda893a552c52ade250515050416434cc33810c4002098140c808c9fb6313ef4d722f99eebde7dc73bf9fb5eecac9beb9b9fb777ee77ccf1e7efbb7c3b217528f10222409d729104202208490000821240042080980104202208490000821240042080980104202208490000821240042080980104202208490000821ec4aa44e8133292d8323c7e06829149598d7a1a370e8081c386cfea67f6fe8d313faa440af1ee69592043dbb4352a2ce612810a68420cea0ba06720fc1ae5cf82a1b96adefd8ffbb623c5c3416866540461f8889d639960008db5150049b77c39b8b61679e7fbe23331dfe73265c3014d27ae99c4b0084e5ecc983551be185859edfbf6f360ccd80d41ed02d113ac7436c0c4445427818d4d543ed19a8aa86f20a385e068525b03b175e79dffbf73e741b4c1d0343d2e503098008387987e1cb0df0dc82c6e569c970ef8d307c80794ac7c5b6ff3b2aab4ccb62c77e787511141437ff9b476e874bc6417a6ff9440220fccec9d3b0760bfcec0f8dcbe7ce844bc79bbe7a7c9cefbfb7a2d28c2b7cb11ede58dcfcfd671e8689a321a1937c2401107e615f3e7cf805cc77bb01ef9c09574e811103212cccff75a8af87ed39f0e9d78debd15097eb2e8541fde42b0980f0197575b06e1bfcfc3928ab30655983e1c15b604c26444705be4e35b5b07127fcf56dd8b4d7559e180f4f3f02134642b8a24b2400a2639cae8495d9f0f80baeb29fdc09974d80d464ebeb57580c9faf8367e7372e7fea219836163ac5c9871200d12e4e9c3237d7afffe62a7beea73069b4354ffdf3b506d66c81477ed7b8fc7fbf6b84aa6b17f9d2ee443c38875fea34d887b253b06c0dfce625f3fbd4d1f0abefc3c451101161b38b27c2cc024c1a0525a55070c494afc886be2926c23036463e95008856515105cbd7c2afcfddfcd75d0cf7dd082307d9bbdebd7ac080bea645b0e75c30d2ca8d90910afd524dec81b0271aaeb111ab36c293f3ccf1d593e18e9930ac7f70d47d587f53dfab27bbca9e9c676c121200d102ebb7b9e6f833d361ee75302423b86c189261ea9de91625f8b33f18db8404407821f7303ce7369afee85d26a2cf6e949c30aff3317c80a9bf3bcfcd37360a0980684265357cf2956b21cfd30fc1b811adfbecf61c131d5851e5ff7a6ecf81796f9b10e1961837c2d8d1c0ce3c636365b5fc2d0110cd9afef3de35c7f7cd360b6d5a4bf96958b018fef296b941fd415e212cfc18e67f0083d25abf1a70ea18634f03f3de55574002201a51580cbff8a3ebf76b2e32abf65a4b974e101f6b62f4e77f606ed4bc42df3ef55f59046f2d81a56b4df290a484d67db673bcb1c79d5ffcd1d82c24000258bdd915e2fbd4433030ad6d9f1f9866d60380b941df5a626ed88e760bb6e7c08b0b8ca87cb80272cf35fb2323da16e63b30cdd8d5405985b159d807cdd05a447ea12bd8276b304c18d5f6ff11130d9ddc96fde61699d7899390be09664c358b855a4b45156cdd038b961941f105134619fb1ad60dfce6253346d02f55d78004208459e7d61fbee786d637ad5bc3ca4de675f4185c3e11c60e871e5d5b7eea2f5965f20dacdcd4fcfdfb66b76f0d425282b1cf3d5c78dd360980ba00214cf17178ea65739cd10bb286b6ff7fa526371e6c7367e95a332e30ef6def8384252760e9d7a6b9ffc662cf373fc0e821d0bb9d8b90b2861a3b1b78ea65730e845a0021c9f67daee3076e8184ceedff5fbd93cdcde98d4d7bcdeb6439640d83c959909eea7aeabfbfdce41b705fdaebb1bb110591edbc5a123a1b3bdd57366edf671299080940c8b1ccad7f3d7a70071d18696ece9658bad6c4e9ef3c0053b34cd9f2b5beebebb744533b97ad950048004290fc42f8e82b737ce74ce89d12b8ef6e18242c2874b50e5a437bfbff8d5a2a29c6de866c421f7d05dfbd5963011a030831f6e5bb8edb33f2dfd67180f3750b5afdf4ee40ffdf9da6f6ba9f0b2101080936ee721d0fe8eb9bffd9d2384047e948ffdf9da6f6ba9f0b2101703ca72be11f1f9be371c37c97daabb5e30056939a6cec6ee01f1f9b73222400214171a9ebf8e271c151675ff4ffdd696ab7fb391112004773c4ed62f7f5861a03fbc163f7f8becebeeaff7bb3fb88044002102a1c3de63a4ee9e6dbff9d946016ebd8b5ffdf40afeedecf899000389aa212d771a28f33e656d5f8a73f9d7bb8e524206da1a9ddeee744041ec501049042b78bdd9779f34b4ec0baad2696dfd72c596516095d3ed11541d8113ac7793f274202e0680e1f756b5a47fbe67fe6159a88be95dfb46d6ebfb56cda6bf629c83d0cb7ce68dbea424f34ddd7c0fd9c080980a3714fa7e58b54d9db734c0e80ad7b5c6bf6fd414304617535dc797dc7442022a2f1f2e082225d17128050e902b88d78777443cfed3966055fa062f9c1f55d375e01a386986c446de568a9f7732224008e2635c975c1d7d7b75f04acb8f9dd45a0b21ac6e7c3b40bdb3e2e50536b320b3590180f67ce362e138143b30001c43da166ed99b67fbea2caa4fbb2eae66f60e52678f733937eacadc948c330377c036515f0e8332655587bce89500b2068e89d02ec30c7d5356ddbe8d37da4df5bd28e40d2de71813a0f5bd1aeda625e3326c1fd37c1a07eba56d402706217a087ebb82d73f60d39f9ffb5d41e377fd32ec1fc0f5adf1238791aced6797e6fc91ab8f5bfe1c32f1ab712845a008ea0979b00949d6afcbb1dfbfb6d1101685dfec10ddb616b0b62f18bbf9869c77b6f685b9a74a11680ad49710b833d7adc1937bfbb082cfcd83cbdcfb73741722b43a05ffdc03f814d422d00cbe899e43ace3b0cd3c67afebb8a2a9334b3fc348ccd34b3054bd6d8c78e199360cc30e89668f2fda5f670453686879f7f7ab0e9405f6c1454d57afedb5716c1cc691017ab6b4702e00092dd0460c506983bcbf3dfc5469b453329dd60c420b3f9c74fee69db779dae84359be1b7afb5ed73cf3c6c44e7bccdc67013c81411ee3a6eed86215f3719c378e3699398b42155983b85a5b06d1f8c1fa96b4702e0003ac5c11dd79844181b76996db23cadb50f0fef78a870b704b87482396ead08cc98047d52a07b57ffd85f7c1c3e5be7fafd8e6b4c96a01fcd858c3ef0ebbf35ffccca6c0980c6001cc418b78c38fb0ffad1b1e16630ae2d4b84af9cd2f6edc9dac2fe02cfe722221cae9864ba034d59b606ce6a464002e014dce7b8d76df5b373c34d4b60c6a456b650627db748a935cd7ff77391d0c9f4f73d75034a4feaba910038847ea970edb95d73e72ff6ff6a38f70d44cfc763f798ac42fee2f0d1c6fdfc6b2f6a9e127cb097efafacd27523017010574c741d6fd9ebdfef6aba81a837dab2f5777b686aa7fb3968c0539420f8362391900058ce8841aee3796f9b6dbbfcda0a68215fe08c49a6ab10eea7abe164b9b1d3db396860879700212d149200388ae46ef0f8fde638b70836edf6eff7b5942fd0df837f9b7637ce57f0f8fdcd03820a4b5c3b26b993d10b921275cd48001cc604b7a9add7def3ef40574b8381fe1cfc2b3d69ecf3663b405d9d595de8895997a80520017020fd52e17fbe73ee09b9d7ff3302de0603fd3df8b76e6be35465fff39de6837f9fad8197dff3fcf9712374ad48001ccae40b4c420c305b67e714f8efbbbc0d06fa73f02fa7a0f196e089f1c6e606eaeb61e9d7f0d8f39e3f3f738ae7b10221017004a9c9f0e40f5cbf7ffc159457f8effb460f31a1beee4446f867f0afbcc2d8e3ce933f70453e5656c1df3ff07ef303dc31cb040909098063193f121eb8c91cbff23eacdae8bfef8a8b3501370d3cf3b0ff36155db5d1d8d3c00337b9427a771d80279e87e7dff4fef95f3c009903747d48001c4e5c0c5c7d1164a69bdf7ffe827f77cd75df4a3ca1937f56da6dd86eec682033ddd878e214fcf56db8fde7f045b6f7cfdf752d5c7bb1ae0d09408890d11b1eb9d3f5fbb3af9a8418fea0612b715f6ffad9c08efdf0fbd71b97cdbd0ebedc00d7fe10fefacef93f7fff0df0bdff50f04fa08878700ebfd469b09e3e2930a00f7cb6164acaa0eca41900f375469cf070b31d578f6e307c806ffbff7b72e1f50f60cd3657d984e130ff2358db8a598e1fcf85bbaf6f5bae442101700ca9c99096025f7e03fb0e9a08ba946e9092e4dbefe99e6804c79773ffbb0ec0828f6171932c3e878a5bf7f9c7ef333b0f69ce5f0210b244459aec3a7d5360e546d893078b96438f44b3722e22c277df13e5c326f617ebe1d9d76075076219566e84232546ec7a74ebf8c629a27584652fa45ea7c15e9c38059faf6b9c20e3e6cbe1815b5a9f53cf9fd4d79b1d7eb6ec817f7e02d9ed08654e8c377b0278e2933ff9bed5233ca3a1161bd2b50b5c35054a8ec39fff65cade590edfec80efce81a95926175f20a9aa86fc42d879e0dc66a41d4c4feeede6ffd16dbaf92500824e71307270e3b2dc2278e24578f40eb8ed1adf36e39b52570fc5a5269a2f7b272c58ec3d79a72f694dee0221010809aaaa3d97fffe1fa67570e514b3238f2ffacbf5f566e14e7e21ecda0f9faef6cf76e3e7e33b379ac149210110406c8cf7f7e62f36afb933e1d2f1302c03e2e3dad80c2f37db73efc9832fd75bbfebd0557afa4b00840b6f517ad327b8b2ebbeb1d8bcd292e1de1bcddc7e5a2fcf9fada8848347606fbe09d5fd64b57d6cbd7ab2c9102c2400e21cde46fc636360e16f61d5267861a1292b28865fcd73fdcd7db361509a09f43971d20cdebdffa57d6d9d7325846bea2fe0681ad0c6d49e81593f80e2b2e6ef7df8bce92f1714c1e6ddf0e662d899179c768ee80f2f3de9df8cc4c2335a0b6063a222e196198dcb6ebc0cde78cab5d3706a328c1c64fe2e6b7070da79cf0dbaf9d505101e993616fef496b9f16f9e6e96c8d69e318b8576ee8745cbda1788631762a394f5470220bc32280ddefa9d59285450046f2d81051f993ebf1378f80e48ec2c3f4b008447aa6ba0ec14fcf2cff0ef95ceb3efe20be56309806846618909b97de91def61b3c1ce5dd7fa2727819000042dc5a5f0d10a787ea1f36d55d8af04403434f56b4d34ded32f39f789ef4ed66018922ebf4b0004474be185059e77c6712afe5ecc24240041c19e5c78ecb9c65b6785026387cbf712801027a7001e7ada73a49f93b9ff06e8d155feb7038a04b488d232f8f1ff85decd0f70f904f95f0210c2d4d79b545a4e09e6690b598361703f5d0312801026bf08feb628346d9f739572fe4b00429c7df9a16b7bd630f95f0210e2acdd129a76cf9ce25ac52824002149ed19936f2f2405e062e5fb970084385191f0d37b43d3f61183e47f0980e0d2f1306a6068d9fc5f376bd9af044000101f0b0fde125a364f1923bf4b00c4b74c1869b2fb8602a949666f43210110e7888c84bbae0f0d5b6fbf166295f34f02201a336220dc3addf9768ecd94af2500a219616170d395ceb6312d591b7e4800845706f783395738d7bedbae51ca6f0980386f2be06607b702c6a8f92f0110e76748ba335b0119bda0bf9aff1200d1722be046070ac0ad3320264afe950088965b0119ce8b0bb860a8fc2a0110ad2222dcec90eb1462a320bdb7fc2a0110ad66f450c87448aaecb9b34cc8b3900088d63e35a3e1eed9ceb0e54265fd950088b633619433ec1898265f4a00449be9da05be1fe42b052f1b07dd13e54b09806817d3827cc7dc2b2729f38f044074a8f93c7144f0d67f68867c280110ed2632c2a4cf0e46327a41df5ef2a104407488600da2b9fe326dfa2901101da64757b8fdeae0abf7f001f29d0440f884601c0c54f49f0440f8f0691a1b448b6946f4871edde4370980f0095d3a9990da60e1aa29664d839000081f313188220387f597bf2400c2a70453486dbf54f94b02207c4ad72e70f3e5c1d1ff4f56ff5f02207c4f30cc065c3505c27535490084ef191c0439023235ff2f0110fea16712640db6771dfba4c84f1200e11f2785c39593ed5bbfd82813b928240022049bd8d75f0251cafe2b0110fec3ce536cc307ca3f1200e157921261ea687bd62d4df3ff1200e17fa68cb167bd7a75976f2400c2ef0cb26154606c1474d700a00440f89fde369c6a9b7531446b00500220fc4f4a1224c6dbab4e23340028011081212ad27ef10069caff270110816398cde201523400280110017ce2f6b4577dba25c827120011d07100bb306a20748a934f240022704f5c1b6db9357ea4fc21011001a54bbcd97cc30ea42b02500220024b58184cb0c99357038012006101fdfbdaa43bd245be90008880d3d3264fde84cef2850440049c449bdc789de3e50b098008385d6c2000a9499a029400086b04c0064fde7123cd80a490008800131f6b7d1d7a27cb0f12006109b131d6d7a17ba2fc200110961015697d3050a2a6002500c23aacde33b04b27f94002202cc3ea45419a019000080b8989b6f6fb63a3e5030980b0741cc04aa22500120061a100589c88333a523e900088906d01682b300980b0f2068c086d011212809026d2e21b3032423e900088901500ad039000082b6f40ab2f1c098004405847758d5a00420210b25449008404402d00aba8970b2400c23a2aabacfdfebab3f281044058c6e94a6bbfff6c9d7c20011096515e61edf79f510b400220aca3f8b8c52d000980044058f4f43d03d9bbadad43ed19f94102202ca1a2cafa3a5455cb0f12006109560f00025448002400228405a0527e9000084bb07a06c02e2224240021c9c9d336a843b9fc2001109670b4d4fa3a1495c80f12006109070e5a5f87bdf9f2830440049cfa7a58b7cdfa7a7cb6cec4230809800820a74e43ce219bd4a542fe9000888072fc947dea52764afe9000888072ec847dea72e498fc21011001a5a0c83e75c92b943f240022a06cdd6b9fba6cd92d7f480044c0a8ae85c52bed539fc55f5b9f9b5048004286e252a8aab5579d4a4ae51709800808768cbecb3d2cbf48004440d875c07e75fa6687fc2201107ea7ae1e3e5d6dbf7abdb71c6a6ae51f0980f07bff7f6b8efdea555601878be51f0980f02bf9369e73df9b27ff4800845fd96ce339f78f579a454a420220fc40750dbcbdd4bef5fb221b0a951f400220fc43ee61282eb3771db7ef939f2400c22fd829fcd71b9fac52374002207c4eed1958f499fdebf9f906c85350900440f89603876067908cb22f5f277f490084cf282b87dfbf1e3cf57df19ff6ca5720240041cbd93a787101acdd1e5cf55eb345be9300880e73b008de591e7cf57ef95da8ac92ff2400a2435407697c7d6e116c52a2100980683bf5f5b063bf49b5d52705268f0a4e3bde5e0267cfca9fc140a44e817d38791a9e7d1536ed851993e0eaa9101f0bcbd607971d5f641b214bee064989101d25dfda95b0ec85287cc3264fff25abe0f1171b97cf9c020fdc02c5c7cd9e00e515665fbee3a7cc674e9cfb595ded4a19be2fbfed9183e3864194db8d1a1305dd121bff4d977888747b6484879bb26fbb2d35505a6656076ede6d560afef90998384afe550b409c9723c7e0ad25cdcbaf9906fd52cdcbeeec3f08737ed2b8ec93af2073002474928f3506203c52570fff5a6a9afe4d193e3078ece8db13929bb41adeff12defd543e960008afe41ef21c4577ff0dd02d2178ec888e82eb2f6b5efefc4228518090044078eefbfffd03337dd694696383cf9eaca19ecb3f5798b0044034e7d051f87045f3f2d42418921e7cf60ce8ebb97cc92ad3d5111200e1c6eacd9ecbefbe1e626382cf9e9edd619487718becddda434002201a515deb79e41f60dcc820bda0c261c614cfef1dd07261098070b12717720e352f9f301cd25383d7ae4c2f33175bf7c8e71200f12d5f657b2ebf693a444404af5de9bd3d972f5a06b5da434002204c34dffc7f7b7eef82a1c16d5b52025c35b1797961a9f61090000800b6edf3bcd1e7ec4bcc405ab033758ce7f29c83f2bd0420c4a9af87255f7b7e6fc65467d83824c373f9866df2bf0420c4292af13cf70f307c80336c4cebe5b97ce152a8a8d43520010861bcedf2f3bd3990d0d91936c6c7c2ed577b7eefe0515d03128010e56c9dd951d71353b29c65ebd84c2fe30005ba0e240021ca8183b06e47f3f28c5e30a89fb36cedef252cd85bf4a39000389ef55e06c1e6ce82986867d9da3b0512e39b97ff7ba5496e22240021455535bce165eeffc2e1ceb337260a6e9eee651ce088ae07094088b1eb80098669cab42cefa3e6c1ce682f414dfbf2753d4800428c15df782e9f7d995944e344faf769dbb91012004772e214bcf6a1e7f7460d71aedda93d202db979f9b2f5e69c08094048e06d8bef5ba79bf4d94e253212665de2f9bd82225d17128010a0be1e167b89fc9b3ed9f9f68f1cecb97c6f9eae0d09400870e8282c59d3bc3c311e86f577befd195e96076fd8ae6b430210026cdae5b9fceed9d039def9f6a7249940a7a67cb21a2ab491a804c0c99c390bef7ee6f9bd49a343e31c4444c0555ed2841d39a66b4402e060720a3c6ff89196ec7d8acc89647a59e57848014196a2adc1fcccda2d9ecb0b8ae1ee27e0a231260828a53b744f345d824e71101f07510ef24e3f2f814efbf2e1a2b1ba4e24000ea4a2125e7dcffbfb7b0acccb1ba30642461f93622ba1b39b38c4425c8c491b1e1b0d3131462cc280e873eb09a223212ccc34bf2323cc7b511dd8a5b7be1e6acf98e3ea1af3b3f62cd4d541dd59735c590d9555a65f7fba12ca4f9b1d8f4bcb60e77ecfff77c537662c242c4cd78b04c069cdff836687dcf6b235c7bcfcc9e41676ee3d76e2fc22d55136ed350141c1b4059a0440b48a2119f0eca3f0e29b9eb7feb203abb75a5f87a2120980556810d08fc444c1e513e1f5a7e0a91f9aedbe44730e2943906584652f443bb6058893e5b0270ff617c0d79b61c5c6d03e1ff7cd86e99360703a44e851240108352a2aa1ac1c8e9f34db67979641c971f344dcb6cff3ae4141dd254a3369cf86a4c3d8e1264048680c2064893f37dd979aecf9fd9a5af3aaae859a1a33fa5ed5f06a32e25e5d6376df6dc8b4537eda8ccc57549a91f8da5ad8b0abfd754d4e74a52cebd9dd8cda778e33330b31516646223e1612bbb8662abe9dad38f7333e56a3fd1200d16aa2a3cccb9f89826b5ad8aa2b223cb8b729131200d182c888d045432f424800841012002184044008210110424800841012002184044008210110424800841012002184044008210110420409ff0f73e1c92c7832c35b0000000049454e44ae426082);
INSERT INTO `clanms_event_category` (`id`, `title`, `description`, `image`) VALUES
(3, 'E-Sports Match', 'Einfaches Match zwischen 2 Clans', 0x89504e470d0a1a0a0000000d49484452000001000000010008060000005c72a86600000184694343504943432070726f66696c65000028917d913d48c3401cc55f5b4b452a45cc20e290a13a59101571d42a14a142a8155a7530b9f40b9a1892141747c1b5e0e0c762d5c1c5595707574110fc0071747252749112ff97145ac47870dc8f77f71e77ef8060a3ca34ab6b0cd074dbcca492622ebf22465e11421831f441909965cc4a521abee3eb1e01bede257896ffb93f47af5ab018101089679861dac4ebc4539bb6c1799f58606559253e271e35e982c48f5c573c7ee35c7239c83305339b99231688c552072b1dcccaa6463c491c57359df283398f55ce5b9cb56a8db5eec95f182de8cb4b5ca739841416b008092214d45041153612b4eaa458c8d07ed2c73fe8fa257229e4aa8091631e1bd020bb7ef03ff8ddad559c18f792a24920fce2381fc340641768d61de7fbd8719a2740e819b8d2dbfe8d0630fd497abdadc58f80d8367071ddd6943de07207187832645376a510cd60b108bc9fd137e581fe5ba067d5ebadb58fd307204b5da56f80834360a444d96b3eefeeeeeceddf33adfe7e00050d727b07b45bf800000006624b474400ff00ff00ffa0bda793000000097048597300002e2300002e230178a53f760000000774494d4507e603050f162c59ab46d40000001974455874436f6d6d656e74004372656174656420776974682047494d5057810e17000020004944415478daed7d775854d7f6f63b34912a1da4830541114550235810454044408c78ed46a3174da2c61873358989265e63bf6a122c51a326b1003614c582e5070195a2a2805284a1f70ed3be3f26c3a732671860ce3003fb7d1e1e7d66ef73e69c3d67bd67adb55761c0ef0f1e0808087a2514c8121010100220202020044040404008808080801000010101210002020242000404048400080808080110101010022020202004404040400880808080100001010121000202024200040404b20a25b204bd005c0ec0e3005c76db3106036028010a8a0083bc0f080110c88950b3005623d052c7ff6bae01580dfcff3755030d654053155093d6b1f36a3b00ea46405f1da08f26a0ac01f4d1e2ff5f450350560394faf2898380100001cd603500cdd5406315d05801d41501159940650a3ddf57fd9cff270a2ac6809113a06d0ea8e9f3c94255874f10048400083a89967aa0b11ca82f056a9940f133a0faa90c5e671190771dc87beff37e8e80f17040cb0c503704faea018acae477250440d0063c1ed05409d49700d57940712a50fe48beefa92a95fff7364c3d01bd81808609a06e00a86a0320e683ac80418a824acb6667ff7f15be2a17c87b0834e6f6be75d0190e98ba02fd2cf9a4a0ac469e0da201f44481e7f01d71357940691a901f0b701bbae5525c5c5ca0afaf0f7373f336630d0d0d282f2f477a7a3ab2b2b2e8bf98ca9477fd17665301430740db025033e0ef4610100d400e757abef7bdb600a8780de4de059a0b68fb367b7b7b4c983001b6b6b630353585a1a121747474a0a1a101757575a8abab435555157dfaf4e98055c2435353131a1a1ad0d0d080baba3a545757a3acac0c45454578f3e60d92939371f9f2657a6e4ac518b09c08e80d00b4ccf9bb0f0484006416eca67f54fa1c809908543c91f8578c1c3912bebebeb0b7b787a9a9298c8c8c606060006d6d6d282874cfbe7d6363234a4a4a50525282bcbc3ca4a5a5213c3c1c49494992fda2fe1e407f67a09f157fa781f80e080174ef4b9ec7f7d257e7f23df479d725fe569f33670e9c9c9c60696909131313e8e9e9759ba077c8e2e17251525282dcdc5c64666622212101bffdf61beaeaea24f305faae80d91840c79abfc3408296080148e7c96601b54540e56b202faead97bb0bf0f5f585b7b737860e1d0a1b1b1b9898984049a9e7b8659a9a9ac0643291939383e4e4649c3cf93b52532510bfa06907588e077407009a2680027165110290245aea819a7ca03c1dc88e0158a51239ed8a152b306edc38d8d9d9c1caca0afafafabdcb6262b3919b9b8bb4b434c4dcba8dfdfbf676fda47dfa03365301832180667f420684003aa5dbf31d78d56ff81efbec8b1239ab9f9f1ffcfdfd317cf8700c1a34085a5ac4a9f5361a1a1a909d9d83478f93f0e79fe770fd5a17d75dd51cb0f600f4edf8c148840c080150cb3cf79fb0dad7fc3d790984d6dadbdb63c18205183d7a34060f1e0c6363633048ccbc98ee151e8a8b8b919c9c8acb57afe3d0813d5d3ba1fa40c0c603d01b046818139f012100f0f7e6eb4bf8b1f4d97780da975d3ee5f2e5cbe1e9e909070707d8dada7668db8d801a353535484fcfc0ddd8fbd8bb772f0a986f3a7f326d877f7c0603ff210342cabd8700382dfcbdf9b27420fb16d094d7a5d3d9d939e0e38f3fc2071f7c003b3b3ba2d64b018d8d8d484f4fc7addbb13878f0576467bde8fcc974460056ff90819a1e21801e4900ec26be13aff40590751d605774e9748696a3317f4e203e9c35154ec31da0ac4c125cbaeda765b3f1fcf94b9cfe2b0a67fefc0bccec2ec45e984c04ccc7003ab6bd3693b1e71000ab911f765b962e11a1f7f3ff106eee1e9838612c9c860f818a327128c99c45c7e5e249721a222f45e397c3c7515ef0acf32733f7e2e728e8d8024a7d0801c8055a6a81aa37fc4cba9c4b5d3a95bdbd3d962d5b86b163c7c2cece0edadada44c2e489ff592ca43e4d434464344e9c3886fc37e99d3b91b20130c01730b407344d7bbcf350fe08a0b916a8ca060a9f0079d15d3a958b8b0b162e5c08373737d8d9d911075e0f321332325ee1daf5181c38b01f39d9999d3b91963d603581ef2fd034464f0c45960302786b8f9e99083063ba74362f2f2f04070763d4a851b0b7b727f67c0f477373335ebe7c897bf7ee63fffe7d78f5ea55e74e6438961f8aac37f89f9a0684006894791ed0500a546601f9f140e9df5d3a5d50501066cf9e0d676767585959415191a49cf64634363622252505d1d1d1f8f6db6f3b7f22ab1940ff9180b695dcfb0b648700785c7efe7c550e907bbfcbd571162e5c085f5f5f383939c1d6d6562e126a08a4879a9a1a242727e3afbffec2a143873a77120535c0da07307102b42de532f2b0fb09a0261f28cf0472ee0275195d3ad5aa55abe0e3e30327272798989890a79c402ce4e7e7233e3e1ec78f1fc7d5ab573b77128d4180cd647e18b2ba81dcf80bba9f00ae857669cb6ecd9a35f0f1f1c1d0a143616c6c4c9e66822e589e3ce4e4e4e0e1c3873878f020e2e3e33b7722833180f958fe96a28c071b753f015c5ddae1525902a11f397224747575c9934b2071089c87b76eddc2b7df7e8bdadadace9dc8dc0b3019c94f5d96c1fa87dd4f005716003c96c829666666f8f4d34fe1eeee0e070707686890faf304d2f5173c79f204172f5ec4debd9d4c6156500306cc048c86f12b1c1102f8079743847eece8e888850b1762ecd8b170747484baba3a791209ba1d454545484848c0e9d3a771f6ecd9ce9dc4ef0f4200a208c0c6c6062f5ebc808a8a0a79e20864d65f90959585870f1f222c2c0c0f1f3e944b0290c9bd310d0d0d22fc04320d0683015b5b5b2c58b00077eedc414a4a0af6ecd903333333b9ba0f99240012924b204f50565686a3a3233efbec33646464203131115bb76e958b6b97c9c80512a94720afe8dbb72f468d1a8551a346415f5f1f2b56ac201a4047a1aaaa4a9e2402b9873cbcc864920048820e414f008fc72304d0a98b2271fb0404bd97007a52730c02a201100220044040400880100001d100644cd664f1a2a4e53d6d696941535313949595a1acac4c8887a0d741269f786909624d4d0d626262d0a74f9f77fe545454def95356566efd57401482ff93ce3ff20b168b85e2e262f4ebd7afd72698f56a0d40515111ebd7af477e7e3e00c0d0d01003070e84b1b131faf5eb072d2d2d686868405d5d1d6a6a6a505555858a8a0a141414d0b76f5ff4eddb171a1a1a6d48e37dc2789b38489053f780cbe5a2a2a2024c2613d9d9d978fefc39ce9c3983b4b434e4e5e5d14200c404907102d0d2d2829797178e1e3d0a002829294149494987ce3178f060989a9ac2d0d010dadadad0d5d585868606d4d4d45a49425555157dfaf46925102a2d43d81f314b242becc2d09b334d7bbd063066cc985602e80cd2d3d3919e2e7e0d7a1b1b1bd8dada424f4faf55cb10681802d21010868034d4d5d5e1e8e80835353522dd14c2fee6cd1be4e4e4e0f9f3e7387ffe3c525353c53e47dfbe7d69b936a2017412d20c041a3870a054ef2d2b2b0b59595962cfd7d4d4849b9b1b4243433169d2a45e4d021c0e07a5a5a5c8cfcf4756561652525270eedc3964666676fa9c363636bd3af9acd72703595858c8f40f545b5b8b6bd7aea1b2b2125c2e1793264dea150e2b616afcc58b1791989828d1ef717676a6cd914b340039d0000c0d0d616666d6ea087c1bb366cd0283c1404b4b0b9a9b9bd1d4d484c6c646343434a0aaaa0a85858560b3d952b9cef8f8787cfffdf7e07038f0f4f4ec5124c0e3f1505e5e4ebbb0cbe30b80680034434d4ded1d47e0dbb0b3b383a6a626381c0ed86c76ebbfefffb1582cb0d96cb4b4b480c562a1b9b9b99534048451575787b2b23254555575fa5a131313f1cd37df80cbe5c2d3d3532e5b93bf2dec59595978f6ec192e5fbe2c1561a77a01d079af8400649c00180c06a52390c3e1a05fbf7eeddaa5c2fe84110687c369250b168b05168bd54a1a82a0a4e6e666343434a0bebe1e9999996d348cd4d4546cd9b2051c0e075e5e5e324d023c1eaf558dcfcacac2f3e7cf71eddab58e95cfea249c9c9c3068d02098989840555515b9b9b9f8f3cf3fdbccebed55a57bbd0900503b024b4b4b616565d52e597584b0b85c6ebb8421f8f7cd9b37387ffebc5012d8b469130060ca9429ed9294b4c166b371ead4291c3b760cf7efdfa7fdfb1c1d1d3178f060989898b4eeaebc5f53a2b0b050e8b13a3a3a84007ab30620ca0e7cf3e60d5c5c5c244e6e0a0a0a62d53c30303080828202ce9e3ddb8604323232b069d3a6564d40561e640e8783b0b030848686d246d676767630353585bebe3e747474c4f28770b95ca19ff7f636f0440300b523302323036c36bbdb8271b4b4b43062c408282828e0fcf9f3686a6a6a737dfff9cf7fc066b3e1e3e3d3edea2c97cbc5e1c3872526fc03060cc09021433a2cecc2f0feda09a0a9a929dd456228130210c72e9726d4d4d4e0eded8dc3870fbff3794e4e0e6a6b6bbbf5edaaa5a505272727282828203c3c1c757575ef8c67656561e3c68de072b9f0f1f181bebe7eb7d9fb274e9cc0ca952b3b75bcb5b5351c1c1c606666d6656117868606e1dda7a4be9ba2eb480840d634000683015757d7360400f0c383bb5bbdd6d4d4c4f0e1c3c1603070f1e2c5363b09f9f9f958bf7e3d582c1666cc98010303836e11fe254b968835dfc6c6060e0e0eefbcd9d5d5d569237e0e87839a9a1aa163520f03ae2b2404206b3e00816d290cb9b9b9b0b2b2eaf668310d0d0d0c1f3e1c0a0a0a88888868430225252558b3660d783c1efcfdfda5460202e15fbc7831e59cc9932763d0a041adc2aea6a626552dafaaaa8ab2b71f9d919542efb1b9801080ac690000b523f0d5ab57ad198274c58c8b0b414e0083c1c0a54b97505656f6ce786d6d2dd6ae5d0b1e8f073f3f3fdabb25f3783c9c3e7d5aa4f007060662ca9429dd56e7b1b9b919959595a8acac94ba06200fb52d4951d07f606868283428243f3f1fd5d5d5c8caca427676b6d422ff44f92b860d1b86808000a1a6496d6d2dd6ad5b87f0f070caad2f49e1fcf9f3983f7f3ee5b89f9f1f3c3d3dbb4d10d86c36cacacac062b150545424d4b4eaed25e80901bc255853a74e6df379797979ab03a9a1a101e9e9e9c8c9c9a1dc5692d6b50e1d3a144141419424101a1a8af0f07030994cda847ff6ecd92285dfdbdbbbdbea1fb0582c141616a2aaaa0a2d2d2d6869696933e7830f3ea0f5fa880620470b2788081486f71d48f5f5f578f1e205b2b2b2843e58d280aaaaaa484d000056ad5a85b367cf0acd73e80ac2c3c3111c1c4c393e7dfa744c9b36addb84bfaeae0e797979ad763f8b25bcfdbcadad2dedcf1421003962cec183070bfd9cca7e6c6c6c44666626d2d3d35155552575ad405555154e4e4ef0f4f4a42481b56bd7e2ecd9b3c8cbcb93c8774644442028288872dcd7d717dedededd123bc1e3f15ad3851b1b1b5b63f1a9cc36ba7d24f24000c409f8162c2d2d857e5e5c5cdcaeadc96432515050006d6d6de8e9e9a14f9f3e527900faf4e90377777728282820363656a8adbb6edd3a70b95c04070753dea338888a8a42606020e5f8d4a953bb4df81b1b1b5154542474bf9f4a4ba33b668210809c2d9cb1b1316c6c6cda14ec60329960b158ed86eff2783c545555a1aaaa0a6a6a6ad0d5d5954aa8699f3e7de0e6e6067d7d7d444545213b3bbbcd9cf5ebd783cbe562d6ac59b0b1b1e9f0775cbb760dbebebe94e353a64cc18c1933a4dad68dc7e3a1a9a90915151522b32ca94c00bae33b880920671a808686063c3d3d85fa00a822c9a8d0d0d080fcfc7c1417174b252d54454505767676983e7d3aa5806fd8b001a74f9fc6ebd7af3b74eee8e868f8f8f888147e7f7f7fa909bf8068737272909595d56e8a359506403739130290330260301894c93f548124eda1b2b212454545e07038522181c18307c3d7d797d29ff1f5d75f7788046edcb88169d3a6518e4f9e3c596a6f7e1e8f87baba3abc7efd1a4c26536c52a62200ba53a989092067040050470452a991ed81c3e1a0a2a2020d0d0de8dfbf3fedc144cacaca183c7830141414c06030f0f2e5cb367304454542424228890200626262e0e5e545393e7efc78f8fbfb43454585d67be272b9a8aaaa424545059a9b9b3b7c3c552210dd79008400e49000a82202bbeae16f6a6a425656161415153170e0405ab7c89495953168d02030180c282929e1d9b3676de66cd9b2052d2d2d58b06001060f1edce6617df0e001a64c992252f867cd9a457b88745d5d1df2f3f3bba4411102200420360c0d0d853a025fbd7a054b4bcb4e7bb8793c1e9e3e7d8aeaea6ad4d6d6c2cece0ecacacab4ed16282929b5120d83c1c0d3a74fdbccf9f1c71fc1e3f1307ffe7c0c1932a4f53a1e3e7c08777777ca73bbbbbb4b45f8ababab515252d265f389ca54a0bbc232f101c8e1c2a9a9a9097504a6a7a777e9adcd66b3a1acac8ca4a4241c397204274f9e44545414121212680b2f56525282adad2da64e9d0a4747e169a8dbb76fc7d1a347919696061e8f87fffbbfff839b9b1be539dddcdca422fcf5f5f52828289048a055772402110d404e35008123302c2caccd98a6a6669b7cfc8ea8e55a5a5a303131416161215253535b9b57141717c3c7c78796fd73454545d8dada82c160405151114949496de6ecdebd1b3c1e0f23478e1419dbefeaea8a59b366d11e3f5f535383828202890556bd9f34450880108048503902bbfa832a2b2b435353b34d92ced5ab57c166b3e1e7e7478b375d515111363636ad8ec1274f9eb499b367cf1e91ebeeeaea8ab973e7d2eec464b15860329912137e0e8783eaeaea369fbbb8b8d0be73414c00395d382a476076767697ae4dd49b333a3a1a172f5ea42db740515111d6d6d6f0f4f484abababd0395442e7e2e282909010a9a4435757574b34a49acabc727070e8f1cf3121804ec2c8c84868304d57ed752d2d2d585b5b538edfbc7913e1e1e19ddaea1257b3b2b6b6c6e4c993317af468b18e19356a14e6ce9d2b959664cdcdcd1d6ece2a8e46210cfdfbf7270400120824147dfbf6c5e4c993db7cfeead52bca2d25713168d020a14e4601eedcb9830b172ed04a02161616f0f0f0809d9d9dc8b923468ca055f8391c0e6a6b6b51565606269389b8b8b84e075c759400a4513189f800e49400048e406135021b1b1bbb544586c160c0dede1e0c0603376fde143a273636163c1e0f414141b438dc0465c973727228e7383a3a62debc79b455cca9adadc5f5ebd75b9daaf5f5f5e0f178f8e0830fa442007a7a7a840040928144bea985a1bebe5e22596443860c81a2a222ae5fbf2e74fcdebd7be0f178b478dd0b0a0ab07fff7e4a6d66d8b06158b060016d8132151515387cf8709b588b11234648fcbba87c2ad268a6424c0039d50000c0dcdc5ce8e7e5e5e51225196f6f6fcaf1fbf7efe3cc99331d4e441285c2c242ecdbb78f328166c8902158b870216df5f2cbcbcb111616d6a116e974108034fa01100290e38533323212aa05089a85480a03070e149969f7f7df7fe38f3ffe90080914161662fffefd94c26f696989c58b17d3261ca5a5a53878f0a0d07465816622e958082a5f0a2100a20188849a9a1a3c3c3cda7c5e525222d13732c0ef803363c60ccaf18484049c397306f5f5f59dfe8e929212fcfcf3cfa8a8a8a024a2d0d050da52644b4a4a70f0e041ca1a852a2a2af0f0f0903801509939d2e8074008408e0980c160c0d9d959e818559389aec0caca4a2409242626e2e4c9939d8a442c2d2dc5a14387282b1b0d1c38101f7df4116dc25f5c5c8c03070e505629d6d0d0407070302d9ef9eeec08440840ce41e5082c2b2ba3a5c88795951502020228c793939371f2e4c90e6d9509d46e2ae11b3060003efae823da9c62050505d8bb772f25f968686860e6cc99b479e5bb2b118810809c6b0000b52330373717252525b49080b9b9b94812484949c1891327c42281b2b232916f5e6b6b6b5a859fc96462dfbe7d946687969616020202686b6a5a5c5c8ccccc4ca163dddde48510801c30a7919111eceded8512404a4a0a6de5becccdcd4516df7cfaf4298e1c392234c65d80f2f272fcfcf3cf428b84027c87dff2e5cb69ab8b979b9b8b1d3b76503a1c757575459634ef2a4a4b4b71e1c205a10e5b333333a93404211a809c6b006a6a6a983973a6d0b1972f5f22292989361230333343707030e55abc7cf912478f1e152a60151515f8e5975f28fb01989b9be3e38f3fa6edcd9b939383ddbb77533ae0f4f4f4e0e7e7479bcfa1acac8c52f8017edf02690827690cd2039873eedcb958b56a95d0b1cccc4c3c79f204454545b4908089890966cd9a45e9194f4f4fc7912347de2181caca4a848585e1cd9b37945acdf2e5cb69b3b9b3b3b3f1d34f3f510abfb1b131fcfdfd6913fe8a8a0a44464652eeff070404e0fbefbf27ba3fd100c4c3902143b06cd932ac5ebd5ae8f8ab57af90949484a2a2225a1a83181b1b23303090920432333371e8d021949797a3aaaa0a61616194fbec26262658bd7ab5d01e889240666626b66fdf4ef9e6353131818f8f0f6d1ef8caca4a444646523afefcfcfcf0ebafbfd2de0f409e4c00120a2c06190d1b360ccb962d83b2b23276efde2d9404783c1e9c9c9c60626222710233363646505010a55a9b9b9b8b3d7bf6405959190505c2db4f1b181860e5ca95b425c164646460d7ae5d94e3fdfbf787b7b7376dfbef555555b874e912e536e994295310161626b5b6e9c407d0836c27068381a1438762e9d2a558b76e9dd039af5fbfc6e3c78f515858488b2660646484d9b367533aaf4a4b4b29855f575717ab56ad82919151b708bfa5a5257c7c7c6813feeaea6a5cbe7c99d229eae1e18113274ed0de0a8c10400f0683c1c0902143b064c9124a12c8c9c9a19504f4f5f5111818d8210fb686860656ad5a45dbc3fffcf9f376857fead4a9b4edbbd7d6d6222a2a8ab27fe3b871e370fcf871989898f46a4d9668001226812fbef88292041e3d7a442b09040505892550fdfaf5c3ba75eb606a6a4acb7a24272763fffefd94e3d6d6d6983a752a6d7beeb5b5b5b872e50a4a4b4b2985ff8f3ffea08ce72020bb009d2681c58b1763d3a64d42e7e4e6e6e2d1a347603299b47404d2d3d36b772b4b434303ab57afa6adf24d5252127efef967caf1810307d22afcf5f5f5b87bf72ea5f0bbb8b8e0d4a953dd2afc641bb087aa4e0c060376767658b06001366fde4c4902898989282828903809343535e1f1e3c7945b8faaaaaaf8ecb3cf60666646cbfd3f7efc18bffcf20be5f8a04183e0e1e1415be9f0c6c6463c7efc9872b7c3dede1e67ce9c81959515798edb01a908d4050c1c3810f3e7cf0783c1c077df7dd7665c1088e3e2e282fefdfb4ba41b504b4b0beedebd4bd9db4f4949096bd6aca1e5cdc7e3f19090908063c78e51ceb1b7b7c7f8f1e3696b17d6d8d888f4f47424272753924f444404060c1840f47b79250079604e6124b065cb16a124c0e3f1e0e2e2025353d32e91404b4b0beedcb9838c8c0c4ae15fb76e1d2d6f3e1e8f87f8f8781c3f7e9c728e838303c68f1f4f5bb9ed969616646767e3debd7b42c7cdcccc101e1e4e99c4455e644403a00503060cc0bc79f3a0acac2cd42f20c881e772b9303333eb54cebbe0cd9f9e9e2e52f8a95a837755f8e3e2e270e2c409ca3943870e85bbbb3b6dc2cf62b19096962652f8a3a2a2a452ee9b680004424960eedcb9603018f8cf7ffe23940404be808e92008bc5c283070f8476fa15e0d34f3fa545f8b95c6e6b69322a383939e1830f3ea0a5b3918080b2b2b22885dfd0d01057af5ec5b061c388264b3480ee83b5b535424242c06030f0d5575fb5192f2a2a42424242874880c562e1fefdfb423bfc0ab076ed5a5ad45e2e978bd8d858fcf9e79f9473468c1881b163c7d226fc2d2d2d282a2a427474b4d0714d4d4d5cbd7a95b2f7212100e203e83612d8b871a35012f8fbefbfc52201369b8d870f1f8a14fe356bd660f0e0c112bf0f0e87835bb76ee1c2850b94735c5c5ce0eaea4a5bab7381d943a5f9686a6a22262606a3468d222a68675fb66409240f2b2b2bcc993307dbb76f173a5e5c5c8cf8f878e4e5e55126ce70381cc4c5c5b53610a552fbdb6beed159e18f89891129fcaeaeaeb40abf40f31165f644454551b639232f32392600793501849180b0e421805f24333e3e1e6fdebc69d3bc4220fcc23af90af0ef7fff5b68b1124908ff8d1b37101e1e4e3967f4e8d15211fee7cf9f53ce898d8d15d9c69c10003101ba1d969696983d7b36180c06d6ac59d366bcb4b414717171e0f178b0b0b080b2b232381c0ee2e3e38576f01560e5ca95183e7cb8c4af97cd66232a2a0a57af5ea59c336edc388c183182369216c7ecb97dfb36c68f1f2ff3bf3f21805e4e0000606a6a8ae0e06030180c7cf6d9676dc6cbcbcb111717d73a372525058f1f3fa63cdf8a152be0e4e4448be05db97205d7ae5da39ce3e6e606272727da845f1cb32726260693264d928bdf9e10402f3601a848e0d34f3f6d335e515181b8b838e8e8e85046f801c0d2a54b69699fc562b170e5ca15ca366500e0eeee0e272727da1e6a71cc9ecb972f0b6ddada1e783c1e0a0b0b5bcbb96b6a6ad252b7811000d10028d1bf7fffd6f25e5f7ef9659baabe15151594d5730160c9922570717191f875b5b4b420323212b76edda29c3369d2240c1d3a94b6df85cbe522313151a4d973f1e2454c9f3ebd53f797949484f8f87814141480c160c0d8d818a3468d82a3a323b4b4b4d09b410840ca24101818080505057cf1c51762d7f75fbc78315c5d5d25be2ecdcdcdb870e10262636329e74c9e3cb9b59b319dc22f888f1086888808914d5344e1d1a347d8bb772fce9d3bf7cee75e5e5e58b26409bcbcbc68ab4f4842810901b481b1b131020202c06030f0f9e79fb7dbe967debc79183d7ab4c4d7a4a9a909e7ce9dc383070f28e74c9d3a95966dc6b785ffd1a347ad7111c2f0e38f3f765af82b2a2a101616d646f801203a3a1ad9d9d9505454c48c193368096126db80840084c2c8c8083366cc6857a5fdd7bffe0537373789af47636323ce9e3ddbadc2cfe3f1909c9c8cf8f87891f3727272909292d2a994ea274f9e88cc5fc8c8c8c0ce9d3b919292d26b4d004200dd001e8f87e8e8689121b6212121707777a745f8fffaeb2f3c7cf890728e97979754845f140109f0ebafbfe2975f7ec193274f3a44023c1e0f376edc68775e7c7c3c4e9c3841d9baaca79b008400ba41f84f9e3c89c58b1753ce090e0ec6f8f1e325be0ef5f5f5f8fdf7df5bb71d85c1d7d79796d0e2b7ef3f252505f7efdf17fb98b0b0301c3c78104f9e3c11bb357b5d5d1d65fec0fb3870e000ae5cb922d1b6efc404200420f4e13f75ea14162d5a4439272828081e1e1e12fc7bfb1d00002000494441547f7bd4d7d7e3d4a95322630ca64f9f0e5b5b5b5aeffff9f3e794597d0060616121f4f313274ee0e0c183484848104b50b3b3b345c613bc8ffdfbf78bdc82252680342f4a41a1470aff9f7ffe89050b1650ce090c0c84a7a7a7c4efbfa6a606c78e1d13b9cd367dfa745ad289df17fedbb76f53cef9f0c30f316fde3cca28bf13274e60dfbe7ded92802085b923484d4d454444046547216202f4200d80cd66e3d1a347d8b2650b1c1c1cc06030e0eaea8ab56bd7223c3c9cb29b6e5710111181b973e7528efbf9f9d126fcc78f1f17195a3b73e64c5a851fe0b7311325fc414141983871222c2c2c3061c204ca68bfb367cf62dfbe7d888f8f6f9343210093c9c4f9f3e73b7c8d870f1fa62cb8d253d1ebb6012b2b2bb16ddbb636b5ec131313919898883d7bf600e0879c7626ea4c18a2a2a210141424f2ed3b6dda348927d7545555e1d8b163940fb5828202020202682b1bfeb6f08b72c8bdaff9989a9ac2dddd1d8a8a8a888989114a021c0e07ab57afc6d8b163dfa93f280869be7bf76e87af332b2b0b172e5cc0e0c1832552d390f800646ce1eaebebf1f1c71f8b6c642180a7a76787d54861b879f3267c7d7d29c77d7d7de1eded2df1821a95959522df680a0a0a080c0ca45df8333232443ae384693e0c0603fdfbf7879b9b1bbcbcbc841e77e1c205ecdab50b0f1f3e7ca711e9ab57af70e4c8914e5fefd1a347919999494c809e4800478e1c111a14224a384545a8b587d8d8584c9d3a9572dcdbdb1b3e3e3e12177e4100ccab57af281fcca0a020da7a06bc2d8ca2f20ba64f9f0e6f6f6fa19a0f83c180898909c68d1b8769d3a6093dfef2e5cbf8e9a79f70fffe7d343535a1a6a60667cf9e15e9eb680ff9f9f9b874e9122dfd1c8809d08d0450505020341b4f146a6b6be1e9e9893b77eec0d9d9b943c7c6c7c763e2c48994e353a64c81afafafc485bfbcbc1c616161c8c9c9113aaea2a282c0c040da3a04bfad4e474545518e4f9e3c9952f8df869191516bbdc12b57aeb419bf76ed1a9a9b9bc1e3f1d0d4d4849d3b7776f9da4f9d3a8579f3e675b9b43a490692a18513b5f5d41e09cc9c3913d7af5f17bbe26c727232fcfdfd29c7c78f1f0f3f3f3f89879f969494e0d0a143944e4c69097f4e4e8e50617d9bfcfcfdfdc5263f2323238c1933060c0603972f5f6e337efbf66d70b95c282828889d5f210a696969888f8fef32011013a0071080402d0c0c0ca4acc7ff365ebc78013f3f3f949494081d1f376e1c66cd9a25f1ae39c5c5c53878f0a048e10f0a0aa25df8994c262e5dba24d2b7e2efefdf61f2333030c0e8d1a32989f5eeddbb2277193a8aa8a828343737f77813a05710405353134e9d3ad5a57364646420383898b21d15c0f7764f9f3ebdb523d0fb707171417070b0c485bfa0a000bb77ef46515191d0710d0d0dcc9e3d1b060606b40bbfa83a82e3c78fef52e28d8004020202687f068f1f3f8e376fdef47813a0571405adabab93886a989a9a8ab973e7222f2fafcdd8ab57af10181888acac2ca1c78e183102212121126f96c96432b167cf1e545555091dd7d2d2c2cc9933a1abab4beb1a17161622222242a4f04b42f3d1d3d383abababc86d55494154be04210039d2001a1b1b2576aef8f878848484bcf376c8c9c941484808d2d2d2841e3374e850cc9b370feaeaea12bdaffcfc7cecddbbb7b5d2cdfbd0d5d545404000edc25f525282888808ca76e8a3478f466060a0c4341f5d5d5db8b8b8d0deff4f544562420072440092ded279f8f021162f5e8c82820214141460ce9c3978f4e891d0b903070ec482050ba0a1a121d16bc8cdcdc58e1d3b440abf9f9f1f6dc52ede16fef3e7cf5386e6bab8b8d0a2f948c3c1d6d5f26b64174046168e8e4eb5b76fdfc69c3973a0a8a84859d0c2d2d2124b962c91b810e6e4e460d7ae5d9471eb7a7a7af0f3f3a3bddc5579793922232329855f4b4b0b0101011217fee6e66624252551c639480283060dc2b871e38806d0130880ae8695f7efdfa70c39353434c4c71f7f2c71f53b2b2b0b3b76eca0147e636363f8fbfbd32efc15151588888878270aef7dd4d4d4e0e2c58b68686890d8f7b2d96cbc78f142a4bf411298376f1e4c4c4c8806d0130840d2b6777bd0d2d2c2fcf9f3a1a7a727d1f3666464880c6336313181b7b7b7c4cd8df751595989c8c848b104fbefbfff068fc743484808d4d4d4244280d1d1d12289a7abb0b1b1c1cc9933bb9c9b413400195938353535b8bbbb4be5daededed111a1a2af1669ded09bfa9a9297c7c7c6817feeaea6a5cba74a9dd5a866f2321210167ce9c417d7d7d977d39b76edda2dc69e928343535857e1e1a1a2a91a2288400640863c68c91caf7787a7ac2caca4aa2e77cfefcb948e1b7b4b484b7b737ed9a4e4d4d0d2e5fbe8ceaea6a4acd870a8989893871e244878843d8db3f39395962f7236c6bd8c5c5053367cea4c56f4408a01b99938ef6d9c2c0e3f1c0e3f12476bea74f9f62fffefd94e3565656983a75aa44d4ebf684e5ead5ab94bd0b0c0d0d316bd62c9121d0292929b87cf972a7d6a7a6a606376fdea4fdf75bbc78312c2d2d25235c241458760860e0c08152b9f6e2e262895dffe3c78f71e0c001caf101030660ead4a912f7b2bf8fbaba3a444545a1b4b454e8b8aeae6eabf961696989c0c040cadfc0c7c7a7c3ebc366b3f1fcf973daabf77a787860faf4e912abcb404c00195a38aa5a73924666662665265e47853f2c2c4ca4463379f264a8aaaad27a3ff5f5f5b87efd3a65d55c6d6ded365b8e6666666d22f50c0c0c307bf6ec0e6f89f2783ce4e6e68a6c5e22292c5dba94f6fa088400ba89004c4c4c289d3e92445252127efcf147949797d32afc93264d92784ec1fb686c6cc48d1b3750505020745c4343033366cc102ad4827e880a0a0ad0d5d585afaf2feaeaea505050d0a1c0ace2e262dcbb774f640e8624b070e1424c993245a26a3bd1006408aaaaaa58be7cb9d4be2f2121a1c35b553c1e0ff1f1f12285dfc1c1011e1e1e52137e61790f007f6765e6cc99d0d1d11149ba41414198316306b4b4b4c0e3f150595989d7af5f8be50cacadadc5fffddfffb5db3ca4abd0d4d4c4c2850b259e2c450840c616cec3c3436af7101919893b77ee88edf5e6f178888b8bc36fbffd2652f8c78f1f4fbb87baa9a909b76edd426e6eaed071151515b1730c4c4c4cdaec0eb0582ce4e6e68a6cc6c1e170f0e4c913b16bfb77059f7df6195c5d5de5e6392604d0490c1f3e5caaf71119198953a74eb5abf2f2783cdcbb774f641b2b2727274c983081b6a846015a5a5a70f7ee5dcabd762525250405054924c8a9acac0c797979424389994c26ce9c3943fb6f3472e4487cf8e187b46ca1120290b185333535c5ba75eba47a2f494949387cf830e5d61797cb456c6cacc887ddc9c9a9b52c16ddc27ffbf66dcac227825a829254956b6b6b919d9d8deaeaead635aaacacec722aaeb8f8f8e38fa5b6454c0840069833383858eaf7939494847bf7ee092581c6c64691c12dcecece18376e1cedc2cf62b1101313d3aef01b191949f47b793c1e5a5a5a50585888dcdc5c545555212121a15365bd3b8a808000f8fafad2a655110d400617ced9d91973e6cc91fa3d9d39734668cab0baba3a962c5982214386b419737171c198316324de2f804af84565d70504047439394614381c0eeaebebf1f4e9538487874be53759b26409ad95914920900c424949099f7efa69b77cf7912347909898d84613d0d2d2c2a2458bdee9cee3eaea0a575757da859fc3e120262646642d7c69340f01f8cec7e7cf9f4be5b758bf7e3d2dadd789092007aa938b8b4b874b844b92041e3d7ad48604faf5eb87e5cb97c3caca0a93264d928af0373434203c3c5ca4f0bbb9b94945f82b2b2bf1ead52b242525d1fe5d23478ec4bffef52ff4ebd74fae9f6342009d84a2a222d6ae5d2b95c0202a12b87efd7a1b12d0d1d1c1bffffd6f4c9b368d76f591c3e1203939b9dd3e88050505282c2ca42cf725091f404949099e3d7b26d1aabea2101a1a0a7b7b7bb97f8e09017401e6e6e6387af468b7dd636464a4509f80b6b636faf6ed4b6b882f97cbc5e3c78f29cb98bd8dacac2c3c7af4084c2693966e3995959578f2e48954defc00b068d122f8f8f8d0be9d4a08400e162e2020001b376eecb6fb3c72e488d06018050505da340081f07724ba2e37371789898960329922db727746f89f3f7f2e56bf0549c0c6c6064b962c81b1b1718f7a8e7b1c01480b4a4a4a58bf7ebd542304dfc7d75f7f8dc4c4c477044b414181968787c7e3212929097171719473a64f9f2ef4f3fcfc7c242424203f3f5f22245059598967cf9e49edcd0f009f7cf209468d1ad5e35e644403e80274747444e6db4b4b13080d0d6d75c609f6c6252dfc29292922036c8e1e3d8a9f7efa095f7ffd35a53fe0efbfff465e5e1e582c56a7afa5acac4ceac22f28954655cca4b7a2d71300c08fb117d5d1465ad8b97327626363d1d4d424d135e0f17878faf4a9c8f668478f1ec5e2c58b61676787f9f3e763ebd6ad42e7151717233e3e1e6fdebce93009f0783ce4e7e723353555aac22f40444404c2c3c35156564634807fa088c1b3beedd62bc8682b785f7cf105ed156ede879d9d1dcccdcd45f6b593069e3e7d8a1b376ec0d6d65662853ed2d2d270e7ce1dcaf15f7ef9054b972e6df53be8eaeac2dcdc1cc6c6c6b875eb569bf90d0d0d282f2f87868606343535c5daae64b3d9282828c083070f24522fa1a378f5ea1532333371fffe7d585b5bc3cccc8cf6126a0d0d0dc2bb150f9e45340059634e068381458b1661f7eedd32b106bffffe3bd2d3d3bb5c5e2c3d3d5da8100bb067cf1e7cf4d1476d9c8ed6d6d6080909a16cb75d515181870f1f223b3bbbdd269a1c0e0745454578f0e00165552169a1b6b6169f7df619222323291bb8120da0176a0000dff9e6ecec0c2e978bfbf7ef77fb8ff3faf56b282828c0c0c0a0534141e9e9e922d36977efde8dd5ab5753e619f4ebd70f161616b0b6b6c683070fdaf8259a9b9b515858082d2d2d686a6a0a3d4f7373334a4b4bf1f4e953cada02d28620e3d1dcdc1ca6a6a6b4c583343636e2a79f7e92690d40260960c3860db4d7b9a35c1045458c193306b5b5b5484848e8f61f283f3f1fe5e5e5d0d5d5ed90ca9a9595856bd7ae518e6fddba156bd6ac69773f5c4b4b0be6e6e6b0b4b4446c6c6c1b1260b158603299d0d2d242bf7efdde21aafafa7a646767232323436a5b7d1d2181d8d858989a9ac2d8d89896166a8d8d8dd8b1630721808e12c0975f7ed96d0400f00b5e4c9830011c0e476a69a9a25055558567cf9ea1a9a909a6a6a6ed6a03595959b872e50ae5f8f7df7f8f0d1b36881d0ca3a9a9090b0b0bd8dada222e2eae4d7d7f369b8dfcfc7c181a1aa26fdfbea8afaf476d6d2df2f3f371ebd6ad2e9547a39b04a2a2a260626202232323897771220420871a8000cacaca707777878a8a8a48079a34515c5c8c478f1ea1b9b919262626428920272707972f5fa63cc7c68d1bb171e3c60e9714535757878585052c2c2cf0f8f1e3364d4905d97c8a8a8a60329978f3e60d72727224da168c2ec4c4c440474707464646d0d7d79798edded4d424f304d02b5a8375e5cd2b78030a6b22d15d484e4e464d4d0d264d9af48e59909797277217e3cb2fbfc4d75f7fdde930633d3d3dcc9831034a4a4af8e69b6fda540d62329960329990477cf7dd77a8ababc3bc79f3e0e8e82891442cd21b504e174ef036f3f1f1c193274f64f287cbcaca42515111fcfcfc60646404269329b261e6ba75ebba24fc02082afc2a2929e1fbefbf475a5a1a7a0a76efde8dbaba3a2c59b20423478e944abe4077836c030ac1ad5bb7e0e0e020b3c22f40434303fefaeb2f3c7dfa1457af5ea59cb77af56a7cf7dd771233ab747474e0eded8defbefb4e2a5975d244585818f6efdf8fb8b8b876b7378906d003d1d4d484a54b97223f3f5f6eae59948f62c58a15f8e1871f24beadaaadad8db163c74abc03b22ce0cc9933a8adadc5aa55abe0e6e6d6e9b523b90072c69c959595707676962be11785850b1762fbf6edb4740caeaeae467c7cbccc7af8bb8acb972fe3c71f7fc4ad5bb73aedff211a801c1140494909e6cd9bd7636cda79f3e661efdebdb4ec6fd7d4d4203a3a1adbb66deb513e80f771f7ee5dd4d7d783c56261f2e4c91d5e4ba201c8090170381cac5ebd5a2add67a5054545c52eb5e2a642555515a2a3a3b179f366a4a6a6f67893303131119b376fc6f5ebd7515959d9e3eeaf57d7031008ffb7df7e8bb367cff6a8fb3a71e2049c9d9d111919d9e1166554a8a8a840545414366dda2473917d74222d2d0d5f7df515ae5ebdda219387680032ae0170381cfcfaebaf94a9aff28e929212040404203030100f1e3ce852218fb2b2325cb972051b366ce855c22f40565616366edc882b57ae885d538010800c130087c3c1a14387101a1adae31fde6bd7aec1dddd1d8b172fc6cd9b37515858d8a12cc3a2a22244464662fdfaf53dc641da19e4e7e763d3a64d888e8e16cbbc220420c36affa14387f0c9279ff4aafb3e75ea14a64e9d8afefdfbc3d3d313070f1e447a7abac8630a0b0b111e1e8eb56bd7d29e3e2b0ebcbcbcbaad9ab38004b66cd9823b77eeb41b27400840063580de2afcefe3f6eddb58b56a15ecececb06ddb36a15b5df9f9f9080f0f476868a84c844207070763cb962d22b31ca5e513f8ef7fffdb239ca0bd8a0004367f6f17fef7b169d3266cdbb6ed9ddaffb9b9b93877ee1c56ad5a2513d7e8e7e7874f3ef904cecece183b762cfef8e30f181a1a76dbf53c7cf810bffffebb48072bd10064880004c2df5d36ffdcb97365fa41f8ef7fffdb5a2abcaeae0e7ffdf517d6ae5d2b13d73667ce1cac5bb70ea3478f86929212141414f0e1871fe2e6cd9b18376e5cb75dd7fffef73f545454100290179bbf3b1d7e1a1a1ab87bf72e468e1c29b3ebf4faf56b00fc4a421b366c90896b5abe7c393efdf4537cf0c107ef24e730180c0c1b360c870e1dc2ca952bbbedfadeaf8d400840c6340059b0f9cdccccb06cd9324c983001376edcc00f3ffc00595e77517d03a489356bd660e5ca95707171119a992720818f3ffeb85b4c95e0e060b9cf85e8d1a1c0b222fcd1d1d1ad59737a7a7ad8b87123bcbcbcb069d3a66e7768bd0d6b6beb56fbb6bbf1f5d75fe3c30f3fc4902143443e0f021258b66c195a5a5a1016162691ef0f0808809b9b1b747575d1dcdc8c828202bc7cf912d7ae5d83898909bcbcbc307bf66ce8e8e8c8b506d063b30165c1e167686888ab57af0a4d991d397224ce9f3f8f73e7ce61d1a245ddbe5e4b972ec5e8d1a301a05b6b213a3a3a62f5ead598387122060c18209e1aaba08061c386213434142d2d2d387efc78a7bf5f535313df7df71dc68e1d0b535353a8a9a981cd66a3a6a60695959558b66c1994949460606080418306b54b4e8400ba4903686c6c84a9a9297c7d7d45e6cad329fcd1d1d1707474a49ca3a6a686850b1762c28409f8dffffed76d25c9c78c19836fbef9a6b5aaafa4bb12898bd9b36763c18205183d7a34f4f5f53bfccc0c1b360cab57af467575b5c8e228a2847ff7eeddf0f6f66ed3125db0e3c0e3f1e442b07bbd0f40434303fefefeb878f1229e3d7b865dbb764975dbe8ca952b707272126bae9595157efae927c4c5c5c1dbdb5baa6bedefef8f3ffffc13e6e6e6ad9f797a7a4afd37dfb46913d6ae5d0b0f0f8f0e0bffdbcfcd881123b069d32604070777f8f8ad5bb7c2dfdfbf8df077f6d9244e401980a2a2221c1c1cb076ed5a646464e0ead5ab707171a1f53b6fddbad5e1ef505050c098316370e1c2059c3d7b562a6475e0c0019c3e7d1a969696ef7ceee3e32355023a73e60c162c58001717972e572d1290c07ffef31f2c5bb64cece356ae5c89a0a020181818c8d48bac571280a049a6a4a1adad0d1f1f1fc4c4c4d0d610f4c2850b5dea36dcb76f5f04070723353595b624a52953a6e0f1e3c7080d0d15da6b60dcb871080a0aa2f537767777c7be7dfbf0e5975fc2d7d71703070e94584b748139101a1a2ad616a18d8d0d162d5a24f2cddf19bc79f346f65f90b25816fcc08103303737c79021436829ccd8a74f1f8c1e3d1a53a74ec58d1b37da94b8ee2c8e1e3d8a909010899930e3c78f475050101a1a1a909292d2e5733a3b3b232c2c0c5f7df5152c2c2c28e7a9ababc3d0d010af5ebd9278379fa0a020ac5cb912212121707777879d9d5d970b95529180a1a121cccdcda1a4a424d2b1b961c306cc9c3993b2435247c166b3111d1d8de9d3a70b8f1390a1b2e00cf8fdc1ebd62bb81c423924283c49674ff7d4d454f8fafa7639cb6dd7ae5df8f4d34f25524e5ad803151f1f8feddbb777caa1696767872d5bb6c0dbdb5bec449aa6a6263c78f000172e5cc02fbffcd265a11f3162046c6d6d6163630373737318191949ec8d2f0a5c2e17cf9e3dc3e1c38771e0c08136e39a9a9a888f8f97587153269389eddbb70bfdae56f8fd4108401c02785b2358b060016d59600f1f3e849b9b5ba78fdfbc7933366dda041515155a97aaa5a505f7eeddc3575f7d85c4c4c476e78f1f3f1e6bd6acc1e4c9933bb5762c160b2f5ebc405a5a1a525353919a9a2a9280eceded3164c810989b9bc3cccc0c464646d0d3d3839e9e1e0c0c0ca0afafdf2d997c82f6e8bffcf20b7efef9e777c656ac58813d7bf674590b61b3d9b87efd3a962e5dda7ed6242180b75098043c390070457790f1f0f0c0d6ad5b3166cc18893b57783c1e3efffcf34e6dc3ad5ab50a3b76ec906a27a3dada5a5cbf7e1dfbf6ed6b13b4a3a9a9890d1b36c0d3d31323468c900829d5d6d6a2a0a000959595a8acac446363239a9a9ac0e572a1a4a404656565a8aaaa425d5dbdf54f5353139a9a9ad0d0d090986addd5df38353515bffefaeb3b2470e5ca15f8fafa76ed112e2cc48e1d3bb077efde76a44d1918be12301f4b08e01d3496032f2f01f937da9dba6ddb36ac58b142e27ddceedfbf8ff1e3c777e898b973e7e2d0a143b414de14572348494941646424582c167c7d7de1e4e444ebf5b0d96cb4b4b480cd6683cbe5425151118a8a8a50565696f9461a5c2e174f9f3e6d25011717175cb972a5d33b2e5c2e170f1e3cc0b265cbdaaf9264301a183a07d03096a935910d0200001e17287906241d0158a27bc8bbb8b860e7ce9d707777979836909e9e0e3b3b3bb1e7fbfafae2b7df7e93e8b61181f448e0c89123303737c7e79f7fde295f44696929f6eedd2b5e5ec7d06580853ba0287b04293b04d0ea7daa0232ae00b9ed3bbbbefefa6bfcfbdfff8691915197bf36252545ecc09d891327e2f4e9d3e8dfbf3f912839258167cf9e414949a9c3ce3f0e87833b77ee203434b4fdb7bebe2b306c0ea06122b36b217b04c037d880b21740d251a0b940e4541b1b1becdab50b3e3e3e5db277c3c3c3c5dafb767171c1b973e7da04cf10c817783c1e582c56879e99929212ecddbb173ffef8a3986f7d37405145a6d741362301190cc0c01e98f02d601328726a565616020202b074e952bc7cf9b2d35f298e57dddede1e67ce9c21c2df03c06030c4167e369b8d6bd7aec1d9d9b97de1d77600dcb703d61e322ffcb2ab01bccbd5406516907402a86f3f42b0335b865c2e179696962263011c1d1df1d75f7f75c84f4020ffc8cfcfc78e1d3bf0bffffdaffdc976f3f982afa42a37f72707b9000c40c71670ff1218d47e59ad55ab56212828087171716297be56505010f9569f3871222e5ebc4884bf17e1edb77ebbc2af650fb86d0506fac895f003b2100a2cf6952a03fa8301c391407529d05c22d22c387af428141414606f6f2f34defd7db4b4b4080d72090a0ac2b163c760666646a4a297e0f5ebd7f8fcf3cff1c5175f882cf9050018b210709c0ba81bcae5bdca0f0108d05707307505d44c80e24722a7debd7b17172e5c80a5a5256c6d6d4586e9dadbdb83c3e1bc135873e8d0216cdebcb947b6c026688be6e666444444c0ddddbdfddc0b6d07c0e553feb3a8a02cb7f72c073e0011a82b065e46028577db9dba6cd9327cf9e597b0b1b1a19cc3e17090939303369b0d6363e36e0bf021903e5ebc78816fbef906e7ce9d6b7ff2d06580c53840b18fdcdfb77c130000f03840c97320f937a0a5a8dde97bf7eec3e2c58ba0a5a5459e7a02d4d5d5e1cf3fff14af7680be2be0301bd032ed31f72fff04d0aabfd500af6f00af2fb43bd5de61387efa693bbca64ea1257b8f400ede1b3c1e1e3f7e8cf5ebd7e3eeddf6354879d9d7eff93e002a28f5e1c70e188d026a4a81a662caa9a5a5c53873fa34f2f20b60ef600f3d09e71510c8364a4a4ab073e74efceb5fff424e4e8ee8c9c6e301d73580e13040a1e7bd2c7a8e06f036d8cd00f36f20f567b1a61f387000f3e7cf2766410f078bc5424c4c0c962f5fde7efd0741e69ea90ba0d0638b67f750026835f08a80171140d1bd76a78e1e3d1a5bb76ec5a449938859d003919999891f7ef841bc92e1fd27017601807acf4ff4ea39268030a86800262301ed0140d96b8043ddd39dc964e2f7df7f476d6d2decececd0af5f3f22353d003535353876ec18a64d9b86e4e4e4769e1763c0791530c09bffecf402f46c0de06db4d403b9b1c0cbdf8959d00bc0e572f1f7df7fe3abafbe12cfc937603660e309f4d1ec55ebd4b3358077ee5405d01b08f41f0734350075a22bb6464545e1fefdfbb0b0b080a5a5a554ead7114806c5c5c5d8b97327162c58d0be934f7b18e01ccadfd757ead3ebd6aaf76800efbc1ed840712a9072bcdde22300b076ed5a7cf2c927240b50d695bc961644454561f5ead5e239f9867d04988de9715b7b84003a6216e4dc05d24f896d16cc9b378f4408ca20323333b16ddb369c3871a2fdc9fd27017633e5367e9f1080a4515b08bc08078a1fb43bd5dede1edbb66deb72011202c9a0a2a202274e9cc0dab56bdb9fac6c000c5f0c180f0718c4a42304f08e59c0014ac50f299e3b772ed6ac59036767e71ed52c525ed0dcdc8cdbb76fe3f3cf3f475a5a5afb07f452271f21800e9b0575404eacd866c1e6cd9bb17cf972922e2c45a4a4a460dbb66de225ee680f031c66f11dc020444d08405c54bfe1071195c6b73b55535313870e1d82bfbf7fb734bee82d282a2ac2912347b079f366319e6ce2e42304d065b3800d143f059e9e6ab73829c02f18fafdf7df63d2a449c43f2041d4d7d7e3d2a54bf8ecb3cfdaefba0300163ec0406f404d9f2c1e21000980dd083013c5ce2df0f3f3c3e79f7f8e71e3c691b0e22e80c3e1202121019b366dc2eddbb7db3f40dd969fae6b389438f90801d0f12a2a055e478bd5b3000056af5e8d152b5648acf1646f4266662676eedc89b0b030f1d57dd3d1bd329887108054c1032a5e0369e14065925847fcf7bfffc582050b606c6c4c96af1d949494e0f8f1e3d8b06183780758f90103bc80bea46c9ea511dd0000049a494441541b2100a9eaa72ca0281978fabb58d1849a9a9ad8b3670f02020224ded7b027a0a6a606972e5dc2ba75ebc4b3f3fb39020ec180ae2d88779f1040f7a1a59e5f7be0f97180c76a77baa1a1217ef8e107040505918c43004d4d4db873e70ebef9e61bb19ab3404917183a0fe8ef4cbcfb840064088d9540ce1de0d539b1a6dbdbdbe3db6fbf858f8f8f5865cb7b9c02c5e1202929093ffcf003222222c43b68d05cc06a02d0876468120290595d360fc88812ab5231008c1d3b0edf7cf335264e9c803e7d7abe038bc7e3213535157bf7ee15af380700984de137ddd0203e144200f2f1940355597c4761c513b10e717472c5a6ff6c84dff469505555ed91cb9299998963c78e61fbf6ede21da0ed000c0904f4edc8b61e210079d4735940c93320ed1cd0902dd62183ed5db0f1cbf5080ef2859a9a5a8f5886972f5fe2b7df7ec38e1d3bc43b40c518183a979fb443ec7c4200f24f042dfcde056246140280b9f5307cf2c92758347f16f474b5e532e1283b3b1bbffdf61bbefffe7b319f4665c0611160361a505627cf0d21801e0656035090083c3b09701bc4d3820d066146c062cc0f998e514e36e8a7dd57e6c920232303274f9ec4b66ddbc43f68d05cc0d21d50253b2384007a3a5a6af9a1c5626e1d0200940d30ec83602c9e331d2b1679a2afaa6cf5a3e3703848487c82433f1fc1a99361e21f68eec54fd3d522d99484007a1b1a2b81fc38b10b950a3074ec7cecfe7e253c3dc674bb36d0d4d484d8d807d8fae32e3c88bd2efe81a69301db2980b60548200f2180de8da62a7e30d18bd3e26b040086bb4ec7fe9d5f62b4eb28a96f21565656e2e6cddbd8fced3664bc4812ff409389fcd05d6d4b801452210440f0169a6bf8e1c5cf4f039c1ab10f3330b2c6d6ef3662d2a489b0b5b5a5ad823187c3c1d367cf71e2e439ecdff713b89c66f10f3672e3bff17507902d3d420004a289a016284aea30110040484808e6cf9f8f3163c6404747472297535e5e8e870fe3f0ddd65d789c78b763071b8d036ca712c1270440d061b4d4f3e308322e03f5af3b74a8868606d6ad5b8789132762e8d0a1d0d7ef58718ca2a2222427a7203ce2320e871decf8b59b4f03acc6ffa3ea13c1270440d005dd9b05546402593140495ca74e3167ce1c787979c1cece0e262626d0d3d36b8d386c6c6c44595919f2f39948497d86c8c84bb81573ad73d73a700e7f1f9f84ed1202209030783ca09609e4c50159e1b2735d0a6ac0e060c0d415e84b529d090110d08f8672a0348d5fa1a883e681c46030869f9da73708505623bf09210002e96b051c7e6393c22420f35c87b6113b05452dc0763a603202d034255b7984000864062d7540c52b203f1e288c95ecb92dbc81fe2e808e0da9bb47088040e6d15c0d54bd01cad381dc3b00bba263c7f7e90f98bbf15371b52d0015929c430880403ec165f37d060d65407d09df91d8500ed415f2c7354c00353d7e3cbeba01a066c02fb2a9404a9af774289125e805505002348cf87f7020eb41f0ff1f0db2040404840008080808011010101002202020200440404040088080808010000101012100020202420004040484000808080801101010100220202020044040404008808080801000010181ace2ff016786366eb64f54980000000049454e44ae426082);
INSERT INTO `clanms_event_category` (`id`, `title`, `description`, `image`) VALUES
(4, 'Raid', 'Internes Gildenevent', 0x89504e470d0a1a0a0000000d49484452000001000000010008060000005c72a86600000184694343504943432070726f66696c65000028917d913d48c3401cc55f538ba215073b883864a8ba58101571d42a14a142a8155a7530b9f40b9a3424292e8e826bc1c18fc5aa838bb3ae0eae8220f801e2e8e4a4e82225fe2f29b488f1e0b81fefee3deede0142bdcc34ab631cd074db4c25e26226bb2a76be2288107a10c3a8cc2c634e9292f01d5ff708f0f52ec6b3fccffd397ad59cc58080483ccb0cd326de209edeb40dcefbc411569455e273e231932e48fcc875c5e337ce0597059e1931d3a979e208b1586863a58d59d1d488a788a3aaa653be90f158e5bcc5592b5759f39efc85e19cbeb2cc759a434860114b9020424115259461535f25e8a45848d17edcc73fe8fa257229e42a819163011568905d3ff81ffceed6ca4f4e7849e138107a719c8f61a0731768d41ce7fbd8711a2740f019b8d25bfe4a1d98f924bdd6d2a24740df367071ddd2943de07207187832645376a5204d219f07decfe89bb240ff2dd0bde6f5d6dcc7e90390a6ae9237c0c1213052a0ec759f7777b5f7f6ef99667f3f703472a640b77cf600000006624b474400ff00ff00ffa0bda793000000097048597300002e2300002e230178a53f760000000774494d4507e603050c0202a99522170000001974455874436f6d6d656e74004372656174656420776974682047494d5057810e17000020004944415478daec9d797c54e5bdffdfb34f9299ac937d0f6421405842d8644704842aaeb76a7beded626defd25abd3f6b6bd55abbbdf4d6abbdde6b5bd1ba20140559541004410191b024610b6b4202d937b2ce7e7e7f9c332164ce8449328120e7f37acd2b30cf9933f33ce7793ecff7fb7dbe8b6a03082850a0e086845a1902050a140250a0408142000a14285008408102050a012850a0402100050a142804a04081028500142850a0108002050a140250a0408142000a14285008408102050a012850a0402100050a142804a04081028500142850a0108002050a140250a0408142000a1428500840810205d704daebed070b80bbc74b9058ace74b810265ee7d8d0840003a8126a0196805da0187f420d4801130016140241001189439ab200073af4366ee39a5368d34cf4c40b834f7c2aea3b937ec09a0092803aa805aa0417aaf0668e9715d2c6001a2a5bfb14032900e0429f358c10016be67ee5d00ea807ae9bd2a89043c4854ab89d2688852a9881604621d8eeeb937dc8940355ceb027401a78163402970a6d782bf1262816c2007182d91815699d70afc4027700a382ecdbdb3fd9c7b891a0d5940b6cbc568207118cfbd61490075c021a0082804ec83b85738300d180fe40121cafc56d0076aa4b97708d83bc87b85ab54cc50a918e77693374c25d161454c82245eed0476039501b8670bb009382ffdfb26205499e70a64e6de79608734f7aa0231f704810f05812a958a1641e026c956a010401fecfb29b05932bc5c09514623a1c1c134b6b5d1ea70f479ed618900dcc0ec61f820145c5b54025ba4b9e78fc4999e9e8ed96ca6acac8cb6b6b63eaf3d2808d448ff9e31cca4d06143002d7e2c7ea356cbb2f9f3993e752a894949984c265480d3e1a0a5b999f2f272b6ecdcc98e83077d3ee48fa54ecf0374cabc57806858de0e6ce8e31a93c9c4f7bff73da64d9f4e42420221c1c1a8d46a1c0e072d2d2d949595b16edd3a366dda24fbf92a4912350033114f0f141b800487f400feee63f107e9f5dc77c71ddc76fbed64e7e61269b1106c32a1d38afce576b9b059adb4b7b652575b4b7151116b3ff8800fb76d93fdbe0ce05f249b804a99ff3734ecc027c0bb7d6c3c3ffdc94ff8c637bec1889123090b0b23282808ad34f70441c06eb7d3d1d141434303c5c5c5bcfbeebb6cdcb851f65e63816f231aa7150940c239609b8f07106c34f287e79e63c1a24524a5a460329940e5bd6c83cc66c22c16e2d3d248cbca62ccc489646466f2f2abaf7a5d7b16f80cf164205259033734ce4873416eee25c4c7f3dc6f7ec3ac3973484848202848de8ca7d56a090e0e262a2a8af8f878b2b2b2c8cccce44f7ffa93ac2aba0d8847f417b8d6d0dc07cf5c6b06de047c2ed366898ae2f9e79fe7ae7bef2539351583d128bbf8455946854aa542ad56131412424c6c2c39b9b9a80581bdfbf6795d5e87784e9bac4801372cacc007c03eb9c51f17c71ffef007967ee31bc42724a0d7ebaf2c4eab54188d462c160b999999d8ed760e1c38e0755d0d3002f1785075a313c07960a54a859c19e5f1c71fe75bdffe3631b1b1a854fd1b2a8d4643446424292929d4d7d672ecf8712fb5430026027a652ddc90380d2c075c326d4ffcfce7fcd337bf89253a7a40732f2c2c8c8c8c0ccacbca387dfab4d7dcd34beac0b59e7bd7dc7df9105025789b21a64f9fce3df7de4b7474f4c00d1c2a1599d9d93cf89def6089f416f6f74b04a4e0c6831bd1cf44cee25f909fcf3f7df39b44592c03df59351ab2b3b3f9e1c30fcbb61703d5c3601cae290158813d6af99f70f7dd773362c4887eb36f6fe8743aa64d9fcebcb97365d58f23ca5ab821d181e8652a871ffef087a4a4a60666ee4d9bc6bdf7dce3d5d620d91f841b99009a8052b75bb66dce9c397ee95dfe203c228205b7dc22db765012c914dc586801ca65de378584306bf6ec6e2bff60111515c5bcf9f365db4a6f74026836c8874a64646490959515b84eaad54c9c3851b6ed2ca2efb7821b0bcdc8fbf72fb8f966e2e3e303f63d1a8d86b163c78aa757bd709cc1b9b90702d7f418b05dab059bcdebfda953a7121c1c1cd0ef8a4f48907ddf81187814f6359de802a291cbf3f2c4b17b761e159762d9353d5e5f77b4fb783f2b3b5b3c6d0a20626363090f0fa7bdfdf26fad026c88a1ec372401387c885931313183d6bf7ac3d719ae1d792bf0f5b6c83d3913da25fdb653fadb8518bbee79f54c6881b4d855d25f2da277a41e08eef132492f3d5f9f23535f3b6f686828ea00cf3d83c1e07343bbd673ef9a1280d6c740b7b4b404fe81cb481a5ca793da8d68406d072e4ae2ec45a04d7ab54b2f8f98ebd9fd9d3dec1d9ebfba1e7fb51211188128c4a0291360eef1370231c232542287eb35e98a2f29c766b3055c2f77381c387cc4aaa86f64020876c9f35f49490956ab15630045b1baba3a9f6dc6eb64d1b7008d8889291aa545df24fdff1cfd8b59bfd24e784ee6bd6444e7150b97322f457229114bf0754400be0272cacbcb713a9d01330202343535d1d0d0e0f5be49a5c2181202eded370e017876af26e0425797ec35070f1ea4a2a22270864041e04849896c9385e19b23c02589f175400597b2d25c90f4c796abfc7b2ab93c443b19880112a4714ce8411086612e59854bd25f6f02dcbf7f3f8d8d8d2426260668ea099c387142366250afd552969686a5aa8ab0a6a66be214a4bd9a0bbf519ac8e73dbb96d3e9f3fa3d7bf690999919105b407b5b1bdb7d04064d61f87902daa4c57e5e5ae8d5888e23b5c3ec777a08c1e3ec3a1a1889e8e79e28114224c3d3a8180ea4207a03f6c4b1e3c7292c2c0c1801b4b7b7f3c5175fc8b675019f090291e1e144391c24b5b591ccd50d55bf2a04e071ba38290d7829578ef7dfb97327f7dc730f212183db9f0541e04061219f7efaa96cfbb861b453b9a4f12993167f197082c11f1599cd66c2c2c4730ebd5eef25de3a9d4eec763b76bb9daeaeae2bc6b7fbc251e965918820954b7919e3195ec927428151320400f08f7ffc8369d3a6111b1b3be8efa9aeae66fbf6edf204e070b0f9e85100920c0632f57a32ec767211235635d73b010888810f0711537b1de9c764aeadadc5d98784e02fce5754b06ac50acace7b3bfde64a9373b8e8f8471033d214237a8af517b9b9b98c1e3d9ae4e464e2e2e2888a8a223c3c9ce0e0608c4623068301ad568b46a3e996ac5c2e176eb71b87c381d56ac56ab5d2d6d6d6adb75eb87081caca4a0e1c38d0a71da5271aa4d7416997cd450c7e1901c40d13894b0b4c00e4827657ad5ac582050bb8efbefb7c9e1ef98baeae2e4e9e3c79e5796ab3711e38a452512108e42386ab9bae670228434caff4f900c4d71933660cda17a0b3a38355efbecb07ebd7cbb6cf62f8a407eb9216ffb67e7c2629298965cb963166cc18525252888a8ac26432111212825eafefdeedb55a2d6ab5ba7be17b5e1e09491004dc6ef76564e0910aac562b1d1d1db4b6b6525d5dcdb973e7d8b3670f1f7cf0c1157f9f5dda614f4bd2409e44b859928a70ad55832c4905fc4aa6ededb7df26353595b973e7a2560fdc561f1717c7edb7dfce7a1f73b0375a0481ad92ea7711319f65f8f5460082a4eb7f222dfe2b89fb097171c4c7c7a3d5e93087863267ce1ceebbef3e74bac1e5ec3976ec186fbefd36b54d4dde061820691889ff361fe2686f517ec68c194c9d3a953163c63062c408c2c2c208090921383818bd5edfbdd003f62c050197cb85cbe5c26ab5d2d5d5c5b265cb78f4d1473975ea14070e1c60fffefdecdddb770acd73d2cb4304a31093624472ed8ec28224129023801d3b76909a9aca94295364bdf8fc45545414fff99fff496c6c2c274f9ec46ab5d2d9d979c5546247116b10d881f94328090c4946a07ae043c4586b5fc8484de5ce3bee60dc8409242426121c12825aadee8ea78e8b8b1b14f3027cf0c107dc79e79db26d7ae01b40bea4af5eeba3c02ee02f8899917a63ead4a92c5dba9471e3c6919a9a4a64642426930993c914d0c5de2fc2b2d9686f6fa7adad8ddada5ace9e3dcb975f7ec93ffef10fbf54852c69ec3d86c3ab7d84d884e88abb1bd8d507e19e3e7d9a98989841ab01d5d5d5b4b4b4e0743a713a9db4b6b6525151c19e3d7b78f3cd377d7e3616b807318fa5e17a20000762debd35c81f53051b8d7cef5ffe85bbefb987d48c0c424343311a8ddd1359ad5607ec0c76fffefdcc9b3b97361fe7ac7a60b264081c270df6b59208c21f7f9cb63163f8fb860d7cf9e597004c9830813befbc93f1e3c7131d1d4d686828c1c1c1d76cd1fb14f5a594582d2d2d545555b17bf76e56ac5841898fa3d79ee35f008c414cdb9e7015c6df891885572cd9288ef571ed3df7dcc3f2e5cb319bcd0193a4dc6e378220e0743ae9eaeaa2b9b99963c78eb17cf9729f69c44602ffccd018ac034e00478157917724c9484de5899fff9cf9b7dc42424242c07dae7ba3bdbd9d55ab56f1e7975fa6e4f061df2a08305d1ae0cc00ef46824484b5d2e48b423c3bf72c614d4101d9cf3d47eaac59388173e7ce515555854aa5222e2e8e98981842434303ea983254f0e4c76b6a6ae2c2850b141515b161c3069f13db030b62b6dc7c4932188afcf902e231f431c41c145fd0b7417ae992253cf6d863cc9c356bd092e895c6acadad8db2b23256ad5cc91ffef847d9ebe6020f12f8147601cd08d42989fd723979e36363f9ddef7ec792db6e233129e9aa4c68bd5e4f72723213264ec4e57271d80709b44913c386e8a41484e8f63a58b6754b7afd97d2989c9088c080e83997f0f2cbe4fdea5724e4e7a3968c75515151c4c5c5919494445c5c1cc1c1c1433a0103ba9ba85468b55acc6633313131a4a5a5515050c0d4a953a9afafa7b2b2d2e7bc29e552dc42588049d82e8dfd5788f9fff6e3db073fd868e4a95ffe92877ff423c6e6e5613018867ccc0c0603168b85912347620a09e18b5dbb64d5ea14206d3813c0496005f2f1f54ffcfce77cf3fefbb10c22cbca40101212426c6c2c13264c203b2b8bea0b17a8a9953f93a844b4be76493b4618033fb2ea024a102dfb5ba4b1a990c44f474808f7beff3ee3eebf9fe05e998a542a153a9d0e9d4e17f080a8ab09b55add9d28332d2d8de9d3a73362c4086a6b6ba9f531fee7119d9e9c12019b07692074231e47ee9376fccfa03b3fbf1cbeb17831cffee6372cbded3632468c08a82bba3fe3151616464a7232b5d5d5b229ec1c8829ec0cc391009cd26497dbfd172e58c013bff805093e4272871a3a9d8ec8c848d2d2d298989f8f4eade66051914f69e00462308d5d1aecd07e4a0317a549f7a96460ea49882ea0cce1e03f7ffb5b22a3a2f8ba43ad561314144474743423478e64ca942944464672e4c811ec766f21bc55224b411afba801924097f41cf74a047c18df895f12e3e3f9d52f7fc90f7ef843f2274d223a3afa9a485d2a958ab0b030cc6633ebd7adc3d1cb0fa64a2280d8e14800edc03ae4cffb7ffdcc33dc3463c6351565552a15269389b8b838c68d1f4f6e561665a74e512f734488b4139d97540227977cc7af843ac4a3cf4f257b881cb2b2b2f8d18f7e34682fc7eb8d083caa416e6e2ee3c78fe7f4e9d3b2d2800bb138a75d5afc31f87f5e2d4873f02b60b74ac5a7885191be70e7b2653cfb9bdfb060e142d2d2d307edf833e871d268b0582c9c38768c63a5a55eedd188c94455c38d006a80d5322c9b3972243f7fe209a286c96ea7d3e9888888202d2383091326a077b938565a8a5326355987b41bb548fdf2d48157fb98789eba861bf15d5b2e373797a79f7e9afcfcfceb46b70ff4f8878787939c9ccc942953080d0de5e8d1a3b2d2408534f64669e25f89803b118ff6f6009fa8541c13049fbafed8b163f9c52f7ec1f7beff7df2c68d23323272d83c0f835e8fb5b393751bbc6b1519109d830265410b9825ae1979879f2953a604c4a73ad0d280253a9ae9b36691949ccce4295378e9a597385a56267bfd61c93e508d7864351a6fefac7269e7df86ef28bd3973e6f0f8e38f3379f2e4ebc2aa3f94e31f1111417e7e3e313131646565f1f8e38fcb3ac61c9524029b34f1437d90ef79e93995480480e0fb70eb81071ee07bdffb1ea3468d223a3a7ad81dabaa542ac68f1f2fdb562f119d71b81180af88e6d4d4d4ab6a4ce90f828282c8ccc9c1121d4d664e0eabde7987556bd67051264cb905f808d1bdb906f1dc3a15f138af42d23377f82041b3d9cc830f3ec8830f3e484e4ecea03ccbbe4e30180c64646470f7dd77131f1fcf4b2fbdc48e1d3bbcaef39c1038f076dfee90da0f215af7fbaaea5b5050c0830f3ec882050b484e4ebee6e27e5ff0e57cd426a9a50c3702f06560090e0919760cdb5b378d8a8e66daecd924a6a632eda69bf8dbdffec66e1f05468f21fa38d422bab446217a937de4e3fe66b399279e7882bbeeba8bf4f4f441bb377f1d6d03d1d1d1cc9b370f8bc5c22bafbcc2aa55abbcae3b87e85daa45f4190896a4b22388e1c8fbaff03d0f3ffc30dffce637bb77fde17ec262f09111bb93c0a6110b1801f85ae2769b0db7db3dac4900c0603432323b1b4b4c0c3963c7b2ea9d777873c50a9a65c4d20ec42ac6e5884e445ff5c1e24f3df514cb962d232e2e6ed88fc1b544686828f9f9f93cf1c413848484b07cf972af6baaa47107f188f608e2694b5f816613274ce0c7fffaafccb9427dbfe1044110b0f94896a323b0b1130123005ff6ecaaaa2aec767bc0075e10041c763b5a9d2e60c61b954a4544642413274f26363e9ec953a7f2f69b6fb2e9b3cf64af2f955e72c8cacae2c9279f64e1c285d7c58e335c54b2dcdc5c1e7df4512c160b7f94f18a3b2b495b267c9fb278f0c8238f70c71d77909b9b4b646464c09f81275c3dd0f61cc1eda6be46de63218cc0fa0104ec97fb0a593c74e8104d4d4d01cbb002d0d8d848e1be7dd4d7d763329bc9cbcb63c4881101bbbf4ea7232d2383f08808b27272c87fff7d9e7be1857ee96fbffef5af59b060c1b039fdb85ea0d56ac9cacae2fbdfff3e802c099cbbc23d0a0a0af8d9cf7ec6e4c99349484808b80dca66b3515252c2993367100481b4b434f2f3f30352c84670bb71da6c1c3974485e5222b029ec02ea09780cd1dffa3209a0ba9af9f3e79399991990efe8e8e860e5ca95ac58b1824f366fe6d0a143343434a052ab898a8a0aa8eba6312888e8d858b27372989c9747474303a77db8b37a909494c40b2fbcc0a2458b888c548a8f0fd42e101616c6881123d06ab5ddc1515782c964e23ffee33f78ecb1c79832650af1f1f101b5b90882407575359b376fe6bdf7de63ddba757cf9e597549c3b476858186969698393460501b7d3494b4d0dfffbca2b149f38e175c934c400aa61e707a0454c5679424eb43318b82900093e00bef8e20b7efbdc737cb16b1735b5b59caba860d7ae5d74b4b763b5d908090909a8b8e7a9f49a949a4a66460607f7ed93cd2f00106db1f0fbdfff9e254b96288b3f0024101e1ece881123d0683457cc37b0e0e69b79f6d96759b66c19595959984ca6808afc9d9d9d141616b27efd7ade7efb6d366edc48555515555555141717e3b4db29983c99f0f0f0012f7e97d389b5b5955d5bb6f0d25ffe42bb4c2afbbb11d3ac0d3b09408d689dfc5ca6adb2a282d4941446e5e60e4a5f2a2f2fe7a5975e62cbd6ad5e6dc78f1fe7cc9933747474e07038888d8d0d9ce8a75261080aa2baae8e35ebd6d1d8eced5b16121cccaf9f7d96bbeeba4b11fb09d4b0ab080f0f272d2d8dc6c6468e1c912fe59a9898c8effff00766cf9e4d6c6c6c4075724110387ffe3c1b376ee4fdf7dfe7b5d75ee3ecd9b35ed795959591101f4fdeb871fd973aa4c56f6b6be34c51117f7bf555761ff30e544e46cc0d10341c094025e92667f1b6ca767675d1585f4f724a0ac92929037a40172e5ce09d77dee1c5175ff4794d7d7d3d7bf6eca1b9b9199b240d44444404c448585b5bcb1b7fff3b1b3efc50b6fdb1c71ee33bdff9ceb0737afa3a4802111111a4a7a773ead429cacbcb65af9b356b1613274e0ce8e26f6b6b63dfbe7dac5dbb9637de7883ad5bb7ca7a2c8258fca3aea68698d858d2d2d2fcb607088280cb6ec7dad242597131abfefe77567efc315d323533fe09d10d583d1c090044574d1362e4556f549c3f4fc7c58b188d46129392fcde9d0541a0f4f87156af5ecdebafbf4e5373f3153f73faf4694a4b4be9ececc46eb7131d1d3d28f5c3e170b07af56a5e79e5155a5b5bbdda1f7cf0417ef2939f909292a258fb8788042c160ba9a9a9ecdebd9be65e73c093cd3837373760c6e6d3a74ff3d1471fb176ed5a5e7ef9659f118c3d51535b4b437535068381f8c4c4be633da43c8cceae2e3aeaeb29f9e20bde7beb2d567ff411553247806381db097c0dcb8012800af134c08dfcf158e9c993d45755d1d5d9894ea7232424049dcc319e2008d86d366aaaaaf87ce74ede5bbd9a77de7e9bb273e7fcfe2dcdcdcdecddbb97c6c6463a3b3b31994c4444440ce82cbeb0b090e79f7f9ea347bd0f9e66cf9ac52f9f7c92dcdcdc1bd2b7ff6a41abd512131383c56261fbf6ed5e3bf199336730180c4c9a3469504156adadadecdab58bf7df7f9f152b56b05546ddec534dadace47c79395deded68b55a718eebf5ddf50605414070b970daedb43734507ee408dbd7af67edaa557cb06d1b95328b5f0f7c0b3187a27a381300888e0a9188a701177c0c50d18103b4d4d773a1b292da9a1a9a1a1a686a6aa2beb696ca73e73876f8305feedecd964d9b58f3de7bac7cff7d2ecaecbc9ebc7e9ea22372387bf62c870e1dc26eb7e37038baf3e9f98b9a9a1afefce73fb376ed5aaf3693c9c46f7ffb5b66ce9c1990232005579030f57a12121270381cecd9b347d60e949999c9e8d1a3fb4df46eb79bd2d2523efae82356ad5ac56bafbdd6e7ae3f5faf27dde5422e7aa4aab6962fbffc92b6c646718e5757d3d8d040637d3db55555949f3c49c9be7d7cb179335bd6af67d3a64d6c387c9876998034807b81990c4da6a421490aea440ce75c8e184de70b316161646564101f1f4fa8d98c46a3c16ab5d2d8d444e5850b949c3ad5a7ba7117300fd13f7a076242cdbeaaac2d58b08079f3e671cb2db73066cc982b2e5aa7d3c9aa55ab78f4d14765135dfeea57bfe291471e21222242599d57099e85fad0430fb17bf76eaff679f3e6f1e28b2f929797e7f73d2fb6b4b06bf76eb66fdbc6a64d9b385e5aeaf3da14b59ac57a3d13ac566cc04ac49c03be101e12c2a8912349888f27d464420d583b3aa8afaea6aaaa8a93f5f5d87d042ee9814592e86f6168f2250e0901c0a59cf01b90a2b30288108915674803e3c9fc7212d8a25251dc472498d96ce681071e60debc79dc74d34dc4c7c7fbd4db4f9e3cc94f7ffa53366ddae4d5b664c9125e7cf1c580f93728e89f4d66f3e6cd3cf0c003b211844f3ffd348f3df6d815253d87c3c1c91327f86cfb763edcb8914f7c548ff260b15acd0cb79b6449177721ba837f887c36e7c1dad3ee40cc0518cfd0254b0db80ad07d6369905224d1a53440f74d06fe05d119224a1a18b5440a9e9254111a0d477c9080dd6e67fffefdd4d4d4d0d1d1815aad963d3ab2dbedbcfefaebbcfaeaabb224f2fbdfff9e82820245efbf06d06834ddd1729f7fee7df05c5f5fcfa44993484d4df5798f86fa7ab66cdac47bab56f1d69b6fb2df47862810e33dbe0bcc100452a4b9e69977a1d21c8f94e678200275c2a5ef9b8e980c652867d8901180870442110b70644b83563bc0414a96c4a13b246348ef345d2a8935c38044412007b06a3454fb20828a8a0a0e1f3e4c4b4b0b0e8783888808cc6673b734505c5ccc73cf3d27ab073ef2c823dc77df7d3754469fe106a3d1487474342525255ec946ebebeb31180ccc9831c3ebb4c966b371b8a888d52b56f0f61b6fb0e6c30f6991b12f7976e1c58867efb9d286d3fb90518d78f2158f58ec4427d9be5c035cf80b25e9763410c1d0174d195202a0d7ee3c421ac848c4d459fec4358f079600b7702977bcb10f91488d182a6a01460802311a0de77c7c57474747f704b25aada8542aa2a3a371381cbcfaeaabac59b3c6eb334949493cf7dc73a4a7a72b477ed7109efc798220f0a18c6fc68913279832654ab78a260802d555557cb271232bdf7c93d7962fe7541f6edd59c0b7819ba40d2ca88f39a792e65c146251cf3c69e76e91ec53574216702bb01431357a9274bfab31bbae5a5a9a106910a31073efcf9548a0411aa80e4463844edadd23a541b4489f0da67f197a8311137684bb5ca4029b552a0a7d480385858594979773fcf871e6ce9d4b4c4c8cece207f8c94f7ec2a851a394c53f4ca480254b963067ce1caf44226d6d6dac5dbb96a953a712121c4cf1c1837cbc61039f7cfc317bfba811118268589e23edea21fd5888415c2a899e8198bca40e318b4f0ba281ba676ab9881e73dc247d979eab5b9c66c88c80578227cd931df1d4c0d56307d748cc6424309564bb24d5a308319ebcafac31b9a346919999c97a997c6c37dd74136fbef96640230f150c721eb95cac5dbb967befbd57565afbaf175ec065b7b365d326feb1660d5d767b9fd2e60269478e0ac0ee284892a74d9ae36ee93d95cc1cbf56dbc9352380ab0d3762baee0a44abed5703b8c7abafbeca77bffb5d25abcf30435d5d1dfffeefffceead5abbdda6e5db89096a626f61416f6798f6f22560a8ebb8ae2f770c00d9399522d895cc192883616d8ca9563cb3d9836752af3e6cd5316ff304454541477df7d379b366df23a16fcf8934ffafc6c3e7033a2913a826b5fb2fc5aac8b1b0a06c4daf433811f20965ef60777de7107292929ca6a1b86d068344c9b368de9d3a7fbfd9910c4829bdf96447fcb0db8f86f4802e8290d64231eb93c2c196d7c21c26462c1c285435e274ec1c0111717c7d2a54bfdba7612f03344635f2a81cdb0a3a800d79934108778d41303bc8c7c4effa58b16291e7fc37d226bb5cc9d3bb7cf6b62118f94c749cf3d4819366e78373615a2f35014be539b7ff3c1070392cd48c1d0222323831ffde847b26d09c00f81d95cf24e55a01040372e205fd4634c4a0a0553a62803741d20282888254b96c8b6b9a45dff4634f429047005d8116bcac961c9d2a54ab4df7584f1e3c7cb460236233a9d295008c00b6df8ce317ff3d2a537741dbfeb0d168b85458b16c992fc19025b55472180af096a107319f6c6e8981872c78d5306e83a825eaf678a0f95eda844040a1402b80ce53ede9f38699292e1f73a834aa522272787a4a424afb6e3f8aedcac10c00d0a17625969394c99314349f5751d223e3e9e7132925b077dd7115408e006d5ff8fc98992c0b8c99395a8bfeb1066a95c5c7fa43d85006e5034f8100b43d46a468e1eadcc90eb105aad96b163c7fab40308ca102904e0418d8ff747656428e5bdae63a4a7a7cbbe7f04e85486e71259dee803846fa75b0000200049444154e02b37c084bcbc6ba2ff0b8280d02371894aa5baeed490e1d087848404d9f73b10c3c295646e0a01e006cefb68cbb94ae2bfdbedc6e170e0743a2ffb2b08022a950a8d46834ea743abd5a2d56abbff3ddc16bcc3e1e8fefd9e3eb8a53cf73dfba0d3e9ae4a1fa2a3a3898989914de7de82e81aace00627000762ba2639a48e1c39a40bc6e572d1d5d5457b7b3b757575d4d5d5d1d0d0405b5b1b56ab1597cb854aa542afd777d738f44ceac8c848828282d0ebf5d7342bb1d3e9c466b3d1dede4e7d7d3d757575d4d7d777f7c1e974027457810a0b0b23262686989818a2a2a2080a0ac260300c491f8c4623d3a64d63fdfaf55e6d179575af100088e99aba7cb4c5c99c23076ad17816cc993367387efc38959595d4d6d6525f5f4f4b4b0b1d1d1d389d4eb45a2d46a3919090102c160bd1d1d1242424909191414e4e0ec9c9c984858561341aafaa88ed743ae9ececa4a1a181b2b2328e1f3f4e797979379135353561b3d9ba0940abd562369b898c8c242e2e8ed8d858d2d3d319356a14a9a9a984878763341a034a042a958abcbc3c85001402e89b005a7db4454a79e703b9eb777575515d5dcde1c387292e2ea6b4b49483070f72f2e449bfef13131343767636e3c78f67ecd8b1e4e5e53172e448c2c2c2865cac160401abd54a6d6d2dc78f1fe7d0a14394969672e0c0018e1d3be6f77dcc6633a3478f66c284098c1e3d9abcbc3cb2b3b38988880868c6a5241f24ae38032904d0ad02c811801e080ba007a0cbe5a2b5b595e3c78ff3d9679f71e0c0010a0b0b397ffe7cbfefe5d9658b8a8ac8cbcb233f3f9f69d3a63165ca14121212862c6989dbeda6adad8dd3a74fb363c70ef6efdfcfbe7dfb387bf66cbfefd5d6d6c6debd7b397af4289999994c9e3c99a953a7326dda34929393090a0a4cb0ae2f2fce5665dd2b0400a25fb89c6fb80508ea4701d12b89cb0d0d0d141616b279f366366fde3ca04523b78876efdecda953a73873e60cf5f5f5cc993387912347066c01f524b0a6a6268a8b8bd9b469139f7efa2925252501e9c3c183073975ea14274f9ea4b6b69679f3e6919393d3af02ae7d491a72e84434002b7ef08a04208b08401b0051d4e572515f5fcf8e1d3b58b76e9d6cd24a00834643b44e47a44a85c9e5c2e074a271bb71034e8d864e9d8e56ad9646978bc65ee5a3ebeaeaf8e8a38f686c6ca4a5a585c58b173366cc18af8a3883d9f99b9a9ad8b3670febd6ade3e38f3f96b5ac1bd46ac2dd6e2c801931ddb516d1e9c62ed95a5a11f3e4b7c810c1f6eddb696969e1e2c58bdc7aebad4c983061d049587c49430e85001402409a0472080254833448b9dd6e1a1b1bd9b56b172b56ace0a38f3e925df8691a0d494e2771562b3112f904490fc60dd85c2eda5c2e1a816aa046a7e39c5a4d9dcd76d9bdf6eedd4b6767276eb71bbd5ecfa851a306ad4f0b82c0c58b17292c2ce4dd77df952530a3564b82d349aadb4d1c74f721b8c7e4b22116c56844f4c5af4274c9eded977ff0e0c1eed303ad56cbb871e3064564befaefc9cfafe0062700618806451004dadbdb292a2ae2bdf7de935dfcf17a3d592e17a3ec76d211539507215646d270292fbd1bb1a8840d316ea1cae1a01438693070c6e5c22a59da014a4a4a30180c984c26cc6633696969833a1de8ecece4c89123bcf7de7bb239f723b55a46399de420967db3487dd0fbe8835d22821ac44acec780132ad565e5b13dc6c4e0e060cc6633d9d9d9683403cbe1e3eb54415008402100f05dfcc109086ef7c0550b878373e7cef1c1071fb079f366af1d335ead669cddce042e65a5d5f521921aa41d351431776102106fb311acd150a2d160735d4a7351585888d96c263a3a9a888808c2c3c307dc87caca4ad6af5f2f5f23d160609ccdc604c48cca2669e1f7d587102e957d8b975e6641a044ada6bdc7781f3b768cad5bb7121b1b8bc562e9ae043c1022f6f5dc95102f85007ce686eb045c3d76d6fe4ebae6e66676ecd8c1871f7ee82532276a344cb1d99884589fc0e8e76454490fcb247d261830b95c68341af6f6bab6b0b090e4e464468c18c1942953fa7d3c280802adadad7cf5d5577cf0c1075e7d4832189862b3311931c1667f2ae9682422e8ee03a077bbd9d34b12282929e1b3cf3e63e4c891cc9e3d7b40ea8cd3c733d428faff25294921006fb400ae5e3ab6bfb05aad9c3e7d9a75ebd6791df3c51b8d4c703a99c2a5ccb403d989b4d22e9a0bcc72b9c8edb538dadada3874e8107bf7eea5b1b17140bbfff9f3e7f9f8e38fbd4e2c6283839960b3311548a77fc5337b8f7d38626d8699405eafddbaadad8dfdfbf7b367cf1e6a6a6a06f42c6c3e9ea14691001402401259e5c27d1a80ceb6b67edf4f1084ee33eeeddbb75fd616663492eb7693ef7291c8e08b9e7a16500e30c3e120a197b1acacac8ce2e2624e9f3edded93ef2f3a3a3a3874e89057c5dd209d8eccce4ef2813469171fece433032381e94072aff6b367cfb27fff7e4a4a4a7ceee67da1b555fec43f4491001402f010805cbe5f3bd0d2d0ff1cb24ea793dada5abef8e20bafb664bd9eb192c14f1fc087170e8c01465bad5e3be8d1a3473972e4085d5d5d7edfd3e572d1dcdcccb66ddbbc8efb12753a46231afc0c01ec4328300a9820d3eee983afc5dc17eaebe5233dc29575af10404fc3941c1aabab0724729e3b778e03070e5cf6be51a723cd6a2593c017a4d0225adff380c85eaac0a953a7387bf62c0dfd2033bbdd4e454585d7ee0f90dcd9c94869d70eb42a168958a32f56460a282f2fa7aaaaaadff7f5e56919aaac7b85003c04e04b8cad1f809baed56ae5d4a9535e132f31248424bb1dcb10e99e46c9a690e270784901e7cf9fe7c2850bfdeac3c99327bdfa10a9d793807802a11ea2679128d9357ae3c2850b545656f65b95397efcb842000a01f4ad02f8caf95371fa74bff57f9bcd261bd8631104e2022836cbeda0619268de1b959595fd22009bcdc6891327bcde8f57a94864e81269a8a57b8ff021cad7d6d6f6cb0ed0d9d9c9a143871415402180be178eafa0dfd201f8badbed768e1ef52e31126ab311318483ad92c8255ea6adacac8c9a9a1abf764f0f8995959579b545399d588678c2e865540010dd9d1b1b1b71381cfdd2ff7dc55c2804a0104037e27cbc7fe8c0015c2effebc8b8dd6eec76bbecee69b4db19ead2a21e29404e0f6e6b6bf36bf7f464f691b31904bb5c98ae421f3c0e45bd17b3274782bfa8f661c3d1fb182785001402b80c679b9ba9292fef970ae0743abd2ce7413a1d1ab77bc83dae5488de847270b95c7e9199a70f723bad06ae4a1fb43204e021b0fed800ca7d3cbb492895811502f083009a81934545fe4f5e950ab55aed1582dae570e0c677e051a020e0bbee9de7b7f9b50b4bf9fbbc249cabd4073760ef15bf60369b51abd57ec735b85c2e9fe1caa39449af10c065fa39e2f193973e0f94ecdddb2f02d0ebf5b2e9a86d6a35d621ee871bf9f2e6313131040505f9e50eac56abd16ab5b2b1f8368d86aeabd0872eb8cc2518c4b2df46a3d16f97e6d6d6569f0490a2ac7985007a420b8cf56507d8b5cb6fbdd3430063c68cf16a6bd36ab9c8d046a0f94a709a9a9a4a7474b45f11752a950a83c1407272b257db458d86a6abd00739c7e5b8b838222323fd26809a9a1ad923407d1f129f420037307ce5ff2ddebb97daca4abf09c06030909393e3d5d6a4d55287186538543b673b5026d3969494e433379e1c0c06039999995eef57492fdb10f54140ccd128a7b9c7c6c6121d1ded5740902008949696ca9e004c443901500840060988de74bd710a28deb5cbeffb188d46b2b2b2bcec00550e07e719ba649476e44b9c9bcd66929292484c4cec571f468d1ae5d5876abb9d2ab59afa2192023c12cc4999f0e5848404929292fc9262ec763bbb7c3cb36c86ce17432180eb186188aeb4bdd101ecdabcd96febb3c160202323c3ab3065abc3c139ad96727ca7211bccee7f1131b9466f67d9f8f878525353898d8ded9704909e9ecef4e9d3bddaceebf59c9576ea40f7c153a4f5444b8b970d233535d56f126b6868907563d64b929e32e11502909d1cbeea006d5bbf9e8b4d4d7edd47a7d3111717c78c1933bcdace69341c414cebe50ad0ef1624923a03c8f9bc8d1a358adcdcdc7e25d8d46ab544474773f3cd377b4901e7dc6e4ab55a2e04509d11100d7f65c0418bb71c969d9d4d7676b6cf0cbfbd515252c2c18307bdde4f43743556a01080ec208cf4a11f167574b0fbe38ffdbb8f5a4d7878383367cef49202ea6c368ee87414034d012001cfc23907ec064ecbe8fe797979e4e4e4f43b2188c96462ca9429e4e7e75f2ec9d8ed1cd7eb2992c4f540f4c186589e6d9fd9cce15e0e48313131e4e7e7336edc38bfd29d5bad56d6ad5b27db364ad1ff1502e80b71928e28a75faf7de71dbfdd50838383c9cdcde5d65b6ff5da412b05817d6a35c588d6ee81eea29e23bf32600fb04fe68c3f3f3f9f828202e2e3e3fb7d7f8f2ab378f162af745c673b3b391014c401c4a49e8e41f4a10ba804bed2e9382093be6bc284094c9d3ad567a5dfdef0246291431e4a255c8500fa801198e2a3edd3ad5b3979f8b05ff7d16834c4c6c6b278f162e6cc9973f90ee57452aa52b14ba3a150d2d93bfbb193ba25426a064e003b813d5a2db65e368abcbc3c66cc98417e7efe80b2eaaad56aa2a2a2983d7b3637df7cb357fb198783dd06035f01151219f9db0741228d8b92d4b253ade64ba391faf6f6cbaecbcaca62c68c19141414f8951edce572b163c70ed994e5c940a632c5e5e7eb7df08c320ca21b6a08b00f6f879a5620d56c66eafcf97e79d469341a42424230180cd4d5d551d9e328d1250834abd534abd5d805a13b3fbd4a5a1c2a9905d333a3ee05c41af75f01bbd56ada7bb9f8666565b174e9526ebbed36323232065c6f4fa3d1101c1c4c707030cdcdcd971dab39dd6eea5d2eda8c46ac6e372e41e8ee83af45efe94307e289c531e02bbd9e3d6a350dbd1296242525b170e1426ebffd76bf5598aaaa2afef4a73f715a268af32e601c4a1a308500ae802069911d9569ebacac64f1bdf7121a76e550128f4f405858186ab59aa6a6a6cb125a3805814641a05ea7e3a2db4d0ba215dc26ed8e9e97a77661bda4eb1f078a810388463f572fb1d9b3706ebbedb641e7d4f73836858787633018686a6aba8cc8009a9d4eeaa4a2252d40ab2060edf1fbed521fda10d3ac5500a54089564bb1d9ccdecececb321a7bfa3067ce1c6ebffd76264f9e4c48c8950390dd6e379f7cf209fff3e73f63b75f5eeb2904f816f2999f142804e0a50fe98142bc8fba6a5b5b19191bcbc49b6ef2cb275dad56131c1c8cc56241abd562b55aa9a8a8b8ec9a0eb79b4ae08246439d205027edf015927e7f06d117e184444a8780236a357532fa724646060b172ee41bdff80693274f263474f0692fd46a3541414144454561341a71381c5e0e365d2e17175c2eaa753aea0d066a351aaa542a2a542aca058133c0698d86133a1dc7828238623472c8e1e0824c9ab2a4a424e6cf9fcfb265cb983163061111117e8d756363232fbcf0826cfcff62c47c838afeaf10807f463c442bfda9de3a26d079fe3c8beeb9c7ef63354f59ec9898986e83604d4d8dd72e651504eaa5455f2a89f825c06149543e8568296f95d9f5cd663363c68c61f1e2c52c5bb68c828202bf178ebfaa40484808b1b1b1848686a256ab696f6ff7cad1d7e57251ef7050ee7452ea76734410bafb70541038e9725169b7d364b3e194f1abc8cdcd65f1e2c5dc7efbed4c9b360d8bc5e2771f366ddac40b2fbc20bbfbff13e2f19f22fe2b04e0dfa2955e7b640c5b171a1a883399983c6b96df9353abd5121a1a4a5c5c1cd1d1d1040707a3d168686b6bf39ab0fd45464606d3a74f67d1a2452c59b28471e3c6111616e6f76f1304c1af6b351a0d269389b8b838e2e2e2d0ebf5180c069a9b9b07dd87a4a42466ce9cd9dd87fcfc7c222323fdb65d545656f2873ffc4136f8270c980644a358bb1502f01302a2cbee57326a800b68387386794b97faed98d27b01a5a5a561b15888888840a7d30d880832323298316306f3e6cde3d65b6fedae0a6c3299fc5ad00e8783b6b6363a3a3ab0dbeda854aa2b1ada3c92404c4c0c292929444747131e1e4e7070302d2d2dfdee4352521237dd741373e7ce65f1e2c5cc9f3f9fecec6c424343fd263087c3c19a356b78fef9e765db9d883912dc5c2aa8a2a097ad67835226ed92182be9dac5c026e44b87033cf9efffce2ffef8c77e97e1160401abd54a43430315151514151571e4c8116a6b6b696868a0b1b191d6d6562e5ebc7869170b0b2338381893c944747434313131a4a7a7337efc78727272888b8bc36c36fb6529f77c7f656525870e1da2b1b191888808468f1e4d6666a65ffdf1dca3b9b999caca4a4a4a4a282929a1b6b696fafa7a9a9a9a686a6abaac0f414141984c26c2c3c3898a8a22363696949414f2f2f2c8cdcd25212181d0d0d07e57ff397af4288f3cf2085bb76eedf3ba718829c7c720e61cd428535d2180de3b7bb5b4f0f74b7a6b5ffbd9a8d8585e79eb2de6de72cb80becfed7663b55ab978f1227575755cb87081eaea6aeaeaea686d6da5b3b313a7d3d96d840b0e0e26222282d8d858929393898f8f2722220293c9e4f7a2110481aeae2ece9c39c3471f7dc48e1d3ba8aeae26363696193366b068d122468f1eed97d5ddd3079bcd466b6b2b0d0d0d5cb87081aaaa2a6a6b6b2feb03888e45212121848787131b1b4b525212090909444646623299d0ebfb5f29a1adad8d3ffde94f3cf38c7f026c386236a089886edfe18a5da05be5bda1d12a19de0e233ad6f813b177bcb696d7ffefffc81d37ae5f81361e784e083c16f6f4f474ac562b5d5d5dd86c361c0e076eb71b954a8546a3c1603060341a2f7bf5e77cdfb3f84f9c38c1860d1b58bd7a7577155e80dadadaeeb2dce3c68df38b043ce41414144464642429292958add6ee97c3e1e84e43a6d56ad1ebf50405055dd6978156fd1504811d3b76f0eebbeffafd9916e053c9985ad3431ad0290470e3eefae711cfd44b8083fdfcfc47dbb631e9edb7f9e1bffddb80cfdb3d67ed7abd9ed0d050dc6e376eb7fbb2aab62a95aa3ba5d7402cfb8220d0d9d9c9a953a758b76e1defbffffe658b1fe82ebde576bb51abd58c1d3bd66f4900c420289d4e87d96c461084ee85efe9c760fbd01b274e9ce08d37de904dc19e929848bcc5c257c5c5b29f2d45743f3e2f91c044441f811b551ab8218d802dd2a2df0dac9726832fcc9c3e9dc48404cef7caad6fb5dba9abab63d4a851a4a4a60ed8e3ae3721a8d56a341a4df74bad560f7af1979696b26edd3afef18f7f505a5a2a7b6d7d7d3dcdcdcda2b81c1e4e6464e48044734f1f7af663307de88d8686065e7ffd755e7df555d9f6dffdee777ce7c107498c8de5f0e1c374c9140875201eb956491b81a73c99562180afffae7f06d1c2ff39f0057dfbb03ff2d39ff2c8cf7e467e7e3e2b57aef46aafaead4570bb193b766cbf4e05ae16ac562ba5a5a5bcfffefbbcfffefbb23b666f12686a6a421004222222888989e97724e150c2e170b076ed5afeeffffe4fb6eaf177bffb5dfef5dffe8d11595964e7e4306dea545a9a9a38eda33e402ba293950df1c4c724bd1402b88a7073c975d4d96341aa022896798ef60e498b7e3ba26bad2f2c983f9fdf3cfb2c77df7b2f59595924262561369bbd2afe825878232424843163c6f44b6c1e6a0882404343036bd7aee5edb7dff6f291f724dab05aad971de1792401b3d9ccc89123090b1b1e59f45d2e175f7cf1052fbdf49257ed45808282029e7cf2c9eed881b0f07012929298989f4f6a4a0ae7cacb6992249cde9b4239a211d83e44d2805b9adb3de7b8007dc64f7cad09c08a184a7a0e318dd55969672e97f4b32aa412ddd2f586410c9403d1936e2fb003f9f3fd9e78eac927f9f1bffe2b93a74e253e3ebedb08171717474d4d8d97fe6cb7db3973e60c1111116467670fcaff3ea0c4ea76535353c3cb2fbfec9520c3e37c337ffe7cc2c3c33977ee9c1709242727939b9bdbaf7462434966070f1ee47ffff77fd9b871a357bbd96ce699679e61eedcb997a92d7abd1e8bc5c2c8cc4c0a0a0a70bbdd1cf611d5d92acd934e49220842f4241ce8bcb323c67054f498df6725d5e39c34c7eb1183a382b876c6c8ab26df09884121e5d220344a03d02c0d8267516a10dd714311f3f45910cb458d448cd9d7f5e3fb9a812249dfff0af9b4d91edc72f3cdfce0a187983a6d1a3131315efa6f7a7a3a3ffef18f292e2ef612a5cf9f3fcf5ffffa57222323b9e38e3b860d0978c27a7b2f7e4fb0cdf8f1e33971e2045aad96f5ebd7d3d6d6d6bda00c06c3b011ffcf9c39c31b6fbce1d3eaff831ffc80c58b17cb860d6bb55a121212080b0b23253595891327f2d7bffc8593a74ec92eda5dd202bd80e83b908dff85440489403cb11cf5d2ab1131c8cc2aedfe7a44a724b334bfb381990c5dddc56b2e017449bad63ee04b602397acb1f588b1e11dd2ab0dd117bf5a62cdc3d2c36897da0c7e30b30d38297dd71689047c25ae308584f0d4534ff1f08f7fcca48202626262648fa7d46a35d1d1d1582c16d9a413b5b5b5343737777bfb0df4882b5050a9540882802008b8dd6e8c4623292929cc993387a54b973273e64ce2e3e32ff34ad4ebf54446463269d224e6cc99434141c135576bce9d3bc75b6fbdc55ffef217596fc37beeb987471f7d949494943e8d8c9ebe8d1831828282020c06836cea308f34502a2d66bbb45843e8db9dd826cdd742e9b509d1afe45caf39de29cde366490a2e93e6f748e4eb225ef704502f2dc45dc02757d0bd7da1555ad0d51299a88028e43dba6a25a2d9237d5f5fd9fc962e59c2f3cf3fcfc2458bc8c8c8b862e209bd5e4f6262221111116cdbb64dd61ed0d1d141585818e9e9e9d79404542a153a9d0e8bc5427c7c3c4949494c9e3c999b6fbe99499326111515d5adde582c16929292888b8b232727873973e6307dfa74e2e2e20272ba3150545656f2e69b6ff2da6bafc9d62b9c3a752a4f3ffd347979797ed73df0b8648f1d3b96bcb163395454e415d8e4812732d32eeddc113e24d08b9284b907d82ccdd5fe644a6a0332b55a32ddeeab6e1318320210243d6787342847197c0eb98b12cbb64bba4b748f07e29132f6203a7c94f4f17de96969fce2892778e8873f64fc8409dd8bc11f040505919c9c8cdbed66dfbe7d5eed274e9ca0adad8dd8d858121313afa918ed894148484820373797d1a347939a9ada1dd5e7916c8c4623d1d1d18c183182b163c7929999497474f435fdede7cf9f67c58a15bcfcf2cbb2853e333232f8f5af7fcdcc9933fdca17d8133a9d8e888808d2d2d298316306212121941e3f2e2b617448bafb4549840f423c29f0d0621df0b9c1c01641e0a0200c3845da2da347931a1787d0d909830cb01a1604701ed80a7c7c855db8dfd660e9de2d9268162b3d84fd8816fe6d9278e50b0f3cf0004ffeea57ccbff966d2d2d2faadafab542acc6633696969d4d6d6ca56a03979f224edadad848685919292d26f1ff740db018c462366b3b9dbedb6b7a8ec91164c261366b399a0a0a06bbaf39f39738655ab56f1b7bffd8df3e7e5bd345e7cf145162e5ce89577b13fcf31383898d8d858727373193b762c67cf9ea5b6b65676ce554b44e090fe1f0ab4a7a7b32334948d6d6d54b906bebdddbf68114b162ec41c1f8f101484db66031f52c97561046c423c6afb08df3ef5a94949cc9e3d9b2953a6909296467878386a958aaece4eaa2f5ce0d8e1c37cbe6307070e1fc62a539ecb2351b44b6ac67ec9a6e00b5999993cfca31fb178f16292939307a5db6a341ab2b2b278e28927b0dbedb296e90fd6afa7bda5858e8e0e962c5932e0897a23c1ed76535a5aca3befbcc3db6fbfed73f1bff4dfffcdd2a54b8988187c9e9fa0a020468c1841545414595959ac5cb992bffffdefdd06d19e6891ec57951a0d558989a82c16361d3d4a938f84b12141412c983b972993273362c408222d16747a3d6e41a0b1b1510cc60a0f2767e448a2434268afa8a03939998b616158f7ec41387ffefa230007e291dbb63e16ff8f1e7a88db962d6364662661616104050575ef4c2ea713abd5caec79f3b8fd8e3bd8fbf9e7fcfdadb728927162f118123baef09b1e7ae821eebdf75e468f1e4d4c4c4c4076379d4ec7d8b16379fcf1c7696b6b932d46b175e74e2e363763b3d958b8702171714a653a9ff3c6e1e0c08103ac5dbbd667782f40b0d148644404217e240aed8f94141919c9c4891389898961ca9429bcf6da6bb2cf14a0c8e5a2a8a282f086065a3a3b65aff9f6b7bec59d77de49767636e11111848484a0d7eb514bc6599bdd8edd6e472f495e6ea713734c0c21b1b1182223693018e8fcecb321278180ab00a780f7f0ae5203101511c17fbdf002dffee77f66f49831c4c6c6760f8cc76d54abd3610c0a222c3c9cd884044664653171c204da1a1b392e93f0b12f9d2b292989fffaafffe2fefbef27373737a099727a1aaab66cd9e2952fafdb90545bcb99a34711341a222323fb95e9e646414747079b376f66e5ca95bcf5d65b7de61670389d988c46ba6c36a22c16cc6673c0c653abd5121e1e4e4a4a0a93264d222222829292129fbfc72ab3f39bcd669e7aea291e7ae821c68f1f4fbc14eaec3956d568b568b55a0c0603c1c1c1188c46546a356aad169dc1803e34147d68288484d0d1d949755515cd566b77baba614d005dc03a442b7c6f582223f9e31fffc8b23bef24292949561795356299cdc42725919d93436b6323477df8b2f77e080f3df4104f3ef924b366cd22313171407eed3e0d9c82407d7d3ddbb66d63fdfaf5ecfae20b3a7cec0400754d4d1cf8f24b50a93099cd7e17bafcba4310042e5cb8c0871f7ec8ebafbfce9a356bfc4a2c5272e408e56565d86d36743a1d515151011b4f954a45505010d1d1d16467673361c2043a3b3b65b30dcbcdbb679f7d96fbefbfbfdbbed41f7252a9d568743af42121d8d46a761c3fce9eaa2a4adbdaa871bb0922f0c54d024a006780b77cecca8fffbfffc7b7befd6d626262facdd85a9d8ee89818d23332d8f7d557d4cae47ef720373797dffffef7dc7df7dd8c1a35aa5f29b2fc15550f1e3cc8c68d1b59b16205ab57afee73f1f7dc2d0eeddf4fdbc58b38dd6ea2a2a20292b8f37a85cd6663dfbe7dac5bb78e37df7c93ddbb77f7ebf335b5b514161662b55ae9ecec242c2c8cf0f0f080e6420c0b0b23292989891327929898c8810307fa24a89ffef4a77cf7bbdf25313171c06aa64aa542add5b273cf1efeba72259b8f1de384dbcd29c493b5ec004b0201230017623cfd7e99b6593367f2d4d34f93989838e007a4d168b0c4c4101616c6d64f3ff57a1066b399871f7e985ffef2974c9b368df8f8f880effab5b5b56cdab489062af2140000200049444154356bd6f0ce3bef50ec23e4d4179c6e37478e1de3dce9d3581d0e828383fb55f7feebb2ebd7d6d6b279f36656af5ecd3befbce373774d06e673c95bb437ec763b4545459c3b778e8e8e0e341a0dd1d1d1017bee1e69c062b1909d9d4d4141011d1d1d9c92f1222c2828e089279e203333332024f4873ffe918f3ff9e4525f119d8626221e7f0f3b02e8400cadad96697be6996798357bf6a08d6f5aad96d8d858ec763b5f7ef965f7fb73e6cce1e9a79fe6aebbee222727c7efdc787eab365d5d1c3c78900d1b36b07cf972366edce8d379440fdc8d987de61cf27107d57575ecddbd1bbbc381d56a252424e4b2b3f9af2b5a5b5b3970e0001b376ee49d77de61e3c68d7474c89b702701f74b7f3311036a2a7c490335357cfef9e7d8ed76bababa309bcd01970642434349484860c28409a4a7a7535a5ada3d07cc66334f3ffd34b367cf0e882aa252a9d8b061034545455e9b6c2c621e8340216029c12a815fe29d5127293191ed9f7d466666608a33b9dd6ecacaca282c2ca4bcbc9ce8e8e8ee87e229c411681d75fbf6ed7cfef9e76cdcb081bafa7a9fd78f039622669a5123a6f77e1bd13bd117f2c78f67f1d2a54c9b368db973e7f63bcfe0f582d3a74ff3e9a79fb267cf1e3ef9e413d9125e1e2c0416014988aedf56c4e0b0438806e6beb236e5e5e5b164c91266cf9ecd4d37ddd4afcac87e49714e277575751c3f7ebc3b13f1983163983061021699eac603c5ca952bb9fffefbbd250d958ac70521606a40c064cf261f0f66d6ac59013dfe52abd5a4a7a7131515455757173a9d8ef0f0f0808bd19d9d9d141515b16ddb363ef8e003d9a213dd064e69d24e0212b8143ce2c936b30dd12f420e078a8a3876ec1873e7cf07e0d65b6ffdda2dfe868606de7cf34d56af5edd674e82046089348ed13d26a7516a33496ac1e788de9eb206c29212ce9e3dcbb163c7282f2f67ce9c398c18312260f3c3135c141e1ecee8d1a3bb1dc38203782ce9213259694792b6871d01b4fb783f2d3d3de0bb9aa70c777878e00b3e0b82405959199f7ffe393b76ec60ed9a35b4b5b7fbbc7e8ab4f8d3a4c5ded3a1d824196dc28174491a90332175d9ed7cbc6913468381f9f3e7f7dbb575b8e3f0e1c3bcf4d24bb2ce351e4c96167f3a623effdec2bb5a1ac751123964031f207fdcdcdedecefaf5eb29292ee6ecd9b3cc9a358be9d3a707c471c8034fddc4a182af4db39dbec3d9af1901f8b28d9a4ca66b1e19e7b71da3a383c2c242b66eddcaa64d9bfadcf563552a6e1104264b7a992f87623d62651ab3f4773be231a9dc787db2650b9deded5f3b023871e890cfc51f2b11e86420862be7ee3700f13dc67387f4921bcfb2f2725ef99fffe1484909a74e9d62e12db7909995755d185d7d6d9a1d0cbcacfc9012802fcddbe170f85d81e65ac1e57271f6ec5976efdecd279f7cc2aa55abfabc7e0e30471048937625b51f63132e196f6224a3d61b720fb7b313974cd9aceb152e8783e6f2722a76ee946d1f8b68304df5731c7b8e672890054402395c8ac2931bd38f376f665f6121e7cacb99376f1e53a74d233a3a7a588f9dd329bfccf52a156a41187e04e04b18f2d4c21b2e4932e4c4c55dbb76b173e74e3efef863d912533d75fd3b10134558e87fa519a364d8eacb7bf1eb440082cb85dbe1c0e143024c0172a55d7d20d04bd280491ad71d926d404e1a68686ce4bf5f7a8963478e70e2c409e6cf9fcfd8bcbc612b0d3437cb87b4856b34e803384702d6fb883e8c322d2d2dc3ce0fdee97472faf46976eedcc9a64d9bd8b66d1bed7de8fa0b10b3b6a449bbcf40cf1ad4f49df9c52193c5f67a854aad466330f0d589133ec762b0ca8e4a7a1e1e2fb96c89040efbb87ecbb66d1c3e7c9853274eb070d1226e9a318398d8d86127a19ef0316666b53aa09983024600e1408646c3d95e61912525251c3972645811407373337bf6ece1f3cf3fe7bdf7dea3acacccb7ae2f89a963a45d3f10dab9478495f32468ed5152ebfa6700b11e80d3c78e1548af079df4ac4224dbc097c01a1fd756d7d5f1d7e5cb397ef428274f9c60eefcf94c983831a08e638381cd6663cb962db26d238383310670930818018402393a9d1701b4b5b5b166cd1a0a0a0aae79865987c3c1a953a7d8ba752b5bb76e65e7ce9d3e777d3d3017982d89aaa6004ed820498d90d38ccf5754903b660c7c1d0286040197c341bb0f679f9840f30da271304892483310735214f9b8fe8bbd7b3975fa34a5c78e71cbe2c5cc9d3f9fb8b8b86b2e0d1c3d7a5436c41c608c5a1d50e20c9827a01a701a0cec928990aaa8a820333393acacac6b7622d0d0d0d07dacf7ca2baf505454e4d3af7b24a217da4cc473e760029bbe598b9806aa50a66dfca8514c9d3103d5d7c02bd065b773f1c2059e7ef1455cbd0c571ae09f097c704b4f35cb82e8941585982d4a2e65477b6727c5870f53515e8ed56a45276512be56c15a0d0d0d2c5fbe9cf5ebd77bb5a51a0cdce97211ec700c3f025001268783e33a1d8dbd44be8e8e0edadada484e4e263939f9aababc3a9d4e8a8b8b59bf6e1dff58b58a7756aca0d347f08e1ed103ed6e44cb7214439331458d680894736669aaabe35b0f3c80fe0abe138220e07038703a9d68349a7eed5a9ec29e8220f49b905d2e17369badbbda4f9fbfafa383334545bc2a73aa324bb2ab0ce576a09724d30444ff813644471a3954d5d4505c5c4c7b5b1bed1d1d58021c6aec0f5a5b5b79efbdf758be7cb96ce193bbc3c319d7da3a3c250024fd38c46864b70c439d397306a7d34958581831313157e5acdbe974b275cb16de7df75dfef6b7bf5172f8b0cf6bc702df0466205a948318daa20da1888153bdbd27abeaeb993b7932a92347fefff6ce3c3aaa2a5dfbbfaa4a552a4365824c1002092440405b1494196414e9b408222d6a5f5bafd3fab45bfb2efdeed77ded85b6f7d3afeddb772de8db764b23a3484b3734a380880c2b2232cb1c4818329054123227951abf3fceaea42a399554489154ecfdac557f549d3a754eedb3f7b3dffdeef77d5eb43e06676363233939397cf9e5979c3a758aaaaa2a55297335949595b16fdf3e0e1c38c0850b1770381c7e8ba4e4e6e63687f35ebd7ab5b930a82a01381c3456567270fb76b61c3cd8e6f80c941d803b0dadb0e0fa08cb2e1e25a7c0e2a35d4f9d3ecdd5fc7c6c361bf1f1f1ddb25de872b9282e2e66ebd6ad7cf4d147aab50b468486f288dd4e8cdd1ed06b07940034408ccd86cd682457e546cf9c3943437d3d168b45a9de1215853e24e48ead77732f5de2fdf7dee3934f3ff539eb032c00b2513cc8b1744ffdf810f152d34ea8292961eedcb9848687abce407bf6ec61e5ca957cfcf1c7ecdcb993caca4a424343c9caca6a77c6b2582cac59b38675ebd6b16cd932ce9c3943555515a9a9a9242727b77bbfeeda076bd7ae65c58a155cbd7a95868606f592e22e17368b85aa1b3758b97c39a7ae5d536df3ee94c1d60bd24d16d65d13be6b42969acd1c3b768c888808c68d1b77c796032e978b5b15157cfbedb76cdfbe9dd5ab56a94a951b341a9ed068c86a6a0a78df0c583250f39f4229feb14aa7e3a40fa1c46199994c9d32851159590c1e3c98a4e464a26262d0858460341a898d8d0d8885b075cb161e9937cfe7f17b84193a4c0cfceede11be09bce8e3d88af7dfe7c9975f26d464f222c8c6c6469e7cf249366fdeecf5fd993367f2d9679fb51b1e7de9d225e6cf9fdfa6bad15b6fbdc53befbcd3eebd6edab489679e79c62ba22f2121814f3ef984193366782f31ec76eacaca38f5f9e74c79ee39d5df5b8b12f2db137057a63a861240e42b592b3d3d9dc3870f9390d07577655d5d1d555555d8ed766c361bd55555dcb87e9ddc4b973871f2245feddf4fb98ad90f305fabe551a7f38eb457c0fbbc4638ce16381c546b34e4ab442d5dcccde5626e2e715151dc3f6a1429fdfb139b90406844044621d2386bd62c9fe6a5bf30b523b86110b37e163d539105311b2d44c9706b8dd77ffd6b25cb6cda34f41efe80fafafa36831fe08b2fbea0b6b6b65d02309bcd6d063fc08e1d3b3a2480ab57afb609e7359bcd5cbfee5de9c1e574626b68a0b6b090ad2a05540066f5e0e00725206b00ca8e810d58efebf924277779f677b95c5cbc7891fdfbf7535a5a8acd6ac56ab15079eb16e7cf9de3f0b163ed9e3f1798e57472a7a46342eed48f0e059e73b9d8a0d170c647e8e2ad9a1a76a984894e983001bbddcee2c58bbbe430fcc10f7ec0abafbecab265cb548f37e13b82b1bb30c30701d458adfcecb5d758b57a3543eebd97101149e96c270accd18134b5aff05235818bd6b0f9f03c7b7dee72e1b05aa92d2de5c48103fc978fadac69f43cb4285bbbbe92bb4d9191bcf4d24b5d5673aeaaaa62ddba75ac59bdba4d89f98e900dcc412989a7b983ed7047102a48e069978bce26b8e6e4e4b063c70e9f6211fe22363696e79f7f9eececec36c7ac28eac58d3ddc119381ffe5e3d8912b57f8f92baf70e5e4496c8d8de07211b4107bfef51515149e39c3071f7ea8fab5bb5162f883013750df8a0578edf5d799356b569743858b8a8a3a3df81381e7c4ec9f7c2707e91dfe6d0c28fbb03f027e21d6dafea2ab831f146595a14387f2ecb3cfaa0a431c473d9db4bbf12030cec7b13d274ff2ec4f7fcae9830769aaab6bd702e8d1c16fb7d370eb16e68b17f9ddef7fcfa1fc7cd5af2ee8015f8b1a9c2802236a1a1623478ce0c9c58b03b203e072b93a35f8a78b0961b298f9efb443fa8e6fc8eb058b8d065e167f6e2a1d7b80274e9c18907c6b83c1c0c4891399d9ca51054a6ae5b920e88c06e05f514258d570f8d225e6cc9fcfa6152ba857a991d7d383df6eb5d2505e4ed19933fcdff7dee3131f029f138505100c6800cefb38f6d20b2f909e9e1e901880a4c444b23b1079c9041e017e093c8e12b310db1d83b39baea10409a1a47d8e031601af01ffd2ce3953a74e0d58d4605c5c1c0fcd99a37aec3881cdafbe5dc4036fe25be9a5bca181c5afbfcedb6fbc1154e3df6eb5525b52c2b94387f8dfbffc25ab548aa6ba49ee51ba678bd5afb5398a8a756b841b8d4c0d90b61f404c743453264e543f06fc1fe005b1debf5b4c96dda906d1adf1a6ee24987e82f506faf85e4a4a0ac3860d0bdc75b55aeebdf75ed56397c56c100c4803fe93f67725d6eeda155404506736b365d52a1e7bfe79b6b6e3d17e5efc3f828800d4ccff29e3c7d3af5fbf805d47a7d371575616612a415a3631dba7a3e445f48443ba4796631ab134f0b59a1d3f6e5cc0c51cfbfb78a836144760b028f40f05de134450dac9732dd5d5d89b9ad0e9f58af91ac8002b1f0ec8356bd670a183f2554f01638264edef862f71b221e9e918c3c202da76f17dfb620a0ba3b155ee49bd98147bb25d7a34e3c4575263626262c0f305c2db2906ea20b8304810c0f84e9eb7fda38fc83d7890aa1b379ac9c0e970e0eaccee81cb85cbe5c2e574e2b4dbb1373561adabc3ea2392b2a3c1ff1c8a13383ac8dad8573a8d293252d9720be08e4ba8c180d14798b6ad87dba14749d9d77ab0beae0e97d319d08c385b3b155d8231f13641f8493280d57e9ef3c61fffc81b7ffc239345b9eb41191924a5a410151787ce60e0cc397597676d6d2d9f6fdf8ed3e1c069b7e3b4db7158ad389a9a686a68a0aca484cf7dece9b7f76c7f068ca5f3ca493d39f335592c9d23cc8ef8d4e9c4d6d4e4338e42fbcf4c00bed63ce7ce9ea5c962c11840d5d5b27674e88353ac4cb9af0528f506d6a26c5bf98383e7cf73d023e22f2a2c8cd8e8e8762d9db7ffe33f70d86cd82c162c160b4d160bb50d0d543635e1ece4804840716c8d0e52726dafef5dbf7e1d6b5313c6888880ec02b8e3fd2b5574270c74afc32fe808c057d0ea99b367b99697c7d01123026305b85c9cf731fbf5a5e74281fdc510942da2e3c0272845583a839ac6466a1adb0f793ad2c93267bef030ca5e76bf2098dd3aea7b06daea079e3c7b968ad2524cb1b15d272f970ba7ddcee5dc5c2c2a5198f770672afef61a1f405f1f24d060b17070df3e6c2267bdab686868e0ab7deaa5391e407148063b42854fe00394edc22141767f9380b781a751bcfdc15edf281645e9a935f20a0a3876f4282e47d73d432e978b9aaa2abefee61bd5e3c3e9f96dd11e2580707cc7856ffbc73fb89e9b8bd366eb9243c6e572f1dda953ecf3b13f7d77109ba9beda6c22f0ff80f7c58cdb937844dcc7cf445b860bb332d8f58c4c283b2e6af8fba64d94debc89ab8b51974e878393c78f73c80701640441dfd3f6f4c547fb30830e1d3ecc960d1ba82c29c1216a0bdc0ecc25256c58b78e0b2a156887a0ecc1f646e85132195f4229c9fe164aec787760bab8de1ae0593193858ad9acb79069088a2ea3eae4b37b379f6fdb466343c36d4f3e2e978be2820236fcf5afe41717ab9aff2941d00e011504b9dd19ad0c4543c0134d0e0795376f121b16466a6a2afad050b45a6da77c02156565ac5fb386152b5650a3925bb00045edb7b7abef1951c2884703f36809b94d42a9d9d8d5ac8ac92852698b50a237a788eb19c580efadf2a59128159c5b57b4b63b1c54555490d2bf3fa969699d4f0872b9309794f0c9dab52cfff8632c2a3b508f0223f827df057013c064d413338ee5e5b16ae54a1a6a6a7868de3c12070dc21011d161a08bd3e1a0a8a080bf6dd8c0ca8f3fa6506507200ba578a78eef17c28455932e88e069947a727540354ad463bd7879ca62b93dd261626044a138476382c05175a710855296ec2c6d9d8107bffd96b88f3ec26ab7336de64c4c51517eed0a389d4e0a45df5bfe97bf50a952122d53581fc1d0f77adc02701776b00017548e5f2b2ba3243f9ffab2321c160b46bdbe4546cc6d9eb95ccd1969e692128ee4e4f077f100726fa857957f5a908096ef373462609b50f20dfaa184606708d3ddfdca14a4912a2c87584100baef79db448bc1af5686e3e2952bdc329bb1dbed848686121e1181c16050250287dd4e595919c78e1e65f3dffec68a152bc86b2596e226dae7447b0743df0bb824d86dad9750d272ff82b2d5a586648381b159590c1b3e9cb4cc4cfaa7a5119b98486878380ea793ea9a1a8a8a8ab87ae50a274f9ee4c0e1c3545bd4eba82e4249be8842e29f1d2e145d808ff05d4d28333d9d19336630e2aebb18949646525212119191e8b45a9aac56aaabaa282a2a22eff2654e9e38c1f69d3b69f0d1f7fe45581d9141f2ff8382004009c7bd0c6c004eb4f3bdf8901052fbf4a15f622251d1d1e8c3c2b03b9d54d7d773e3e64dae161753d34ed45fb67825f6e2b5ab446061072e02ebf09d220c909a9242d6f0e10c183040d1b0d46a696a6aa2a2a2822b972f73f9ca152a7cd4f473affb7f282c312401b4854d90c026d4d572bb8a47514440833d4845a2fbd1e4d1f78edd81df5f8422fc9214647d2fa80800b11e2b42299ab11bf54aaf9d45a260de7128faf03ad9df257cf4bd1b28e5c4be0c50dfeb87920c3546f4bd609b78828e00dccb8132c1c807ba680d3c8c12ed3708c5a32dcd7e898e960365284ec103f8f64975048358ebdf2ffa5e7490fedfa02400506eaa01a8a045bc31c74f568e40919efe8160e0188237e1472238fb5ebde87bd7502a0d7fede7b9112801592351d47d62e8f9849f5e49006e3851043b6ac5032917af5be2738730e94d401c8a83a52fca36964934be9cf5256eb7ef35a09471af1096410550498b8a940e6537c9b3efc588be67e8057d2fe809c0133614678d4dbc9ce2a5150f424f4b408b5ce74b04da3fe07ed9c5c4e3a245d12744f43b432feb7b21bde921e8699bb9e79233bc4437c0807744a47bd6eced7d2fa4b73f1839f82564bfbb7dc8ed7009897f62480290909004202121210940424242128084848424000909094900121212df5784c826b87d247df0017d468df2ebbb2e8703a7cd86bdb1114b45050d376e50bd6b178e1327ba740f91cf3ecbc0c58bbd3e6baaace4cac285b7f57ba9cb97634aeb7a19cff38b17e3f2518ca5bd7673399d38ad561c56abd256a5a5d45fbd4a7d4e4e97db4a42124040d1f7befb487bf041ff08c0e9c4e17060b75a69aaafa7a1ba9aea1933a8387d9a8ae5cbd19c3f7f5bf7909c9d4dfaf4e95e9f59eaeb39b27021f68d1b89a373750f92c68d2371c4882eb7cd8ec848f46633f1b4d5146cafdd5c42dacd69b763b7d968aca9a1b1ba9afa471fa5f2dc392a77eec4fef9e7b2f34902e85dd068b58468b584e8f5182322884e482069c810ca3333b9367830573ef800e3a1439d7a20daac2cfadd7f7f9bcf8d111144fee847ecdfb89107505251bb3b726d374a36dc143a272aaad16808d1eb41afc7101646785414a4a4e01c3e9c5bc38651366a1437468fa6ee37bf418f8c0495041044a8acaca4d047b55c9d4e87d168242a2a8ad8d858743a1d1a8d86f8fefd898c8bc3029cb9748904b3d9ef2cb2d8c71ec39498d8fcbea6ba9aa86825f3fcbe0913589d9040a6d94c64271e74757e3ee87434a224be7896c618326488974476414101f5f5eaa2e3a7ad560cf82e01ef89aaaa2a4a4a4a1452d36ad1ebf5e8f57a4c2613269309ad568b56aba56f72327d9292084f48e0426222e5afbc8209e9c89204102428282860f99ffe44248ae8a3ce6356d31b8d44c4c410979c4c725a1a9923479220066f585818f74e9bc6e9175ea0f8dd7749f1d36c4f993d1b8d4eb94a437d3da74e9d62f29429cab19414b27efc638a972e25b1130fba70d3260a1312284549bbf6ac69fbd2af7fed4500070f1ee4fc77df1149dbd4d707abab89f7f37f141515b16ecd1ac200934e47587838c68808621313894d4860405a1a29a9a9e8851cfcc08c0cc24c26f6949753b1640971c8ec4f49004180c6c6460e7cf8219369299ce1b5be45d131a8b8f75eea9e7f9e718b16111d1b0b40444404631e7e988fdf7d9748e8b0531be6cc21c163ad7efdda35b66fdbc6848913d1e974e8f57aa6cf9dcbeaa54bc914f7e2cf4c59bf6a150e9474d7d0d603f857bff2faeef5ebd739f0dbdf320d2527def37ec78b73fd11c3a8abab63db6f7fcb245a949a1b503420ae65667273f162ca264c60c4030f10613201909094c4b8c58bd978ee1c9a8d1b899524705b90d6538061106bee3e28e2109eaf78147dc2841327a87bf9658a8f1ef53a3773d83072512ad5d83bb84ee2bc7918a35b84a68e1c39c2a1cd9ba92a2f6ffe6cd4a851348d1943b91fbfe7b55c4111b44810f7eb7ea9759608f1df12555e7d3a31c31851445cdce7260b124dc9cd45bb6409d7df7987f37bf762f3507c4e1f3284ac458bc843118771c9ee2709a0a7e12e95a56be7e59e19cbf6ecf13a373a3a1a6b5616c5ad4cef3630994811a63e4093c5c2ce5dbb30e4e773e34c8bba7ddfbe7d19fbe8a314a108a974b663e86811bb0869e7ffb6fe9efbd5995a811a956bba055e8c40e8a14314bffb2e451e65cc351a0d63274dc23c6d1aa59d24390949003d0e6b4181f7c3d06ab11b8ddceaa0339b9e7882984183bc7c0f3b376e241e28dabbb7b9aaad46a361eacc99140a73dad18bdb4a03684f9ce0ea9a35d83c8a6ec4c7c73372ee5cae492b4012406f43d89021de8460b5526c36d3243ab2afcedc2f3b9b90d096d5f5d16fbf65008ae67cdde6cdd49595351f1b3a7428a6ec6ccc1d5915bd0475ab5753e551ee4da3d170cfe8d15c1724e794dd4a12406f4172ab6098d2d2522a0b0b9bf7b7d5cc67dddd77933c7a74f37b8bc5c28e9d3be98ba2801c929b8bf9bbef3c560b26a6ce9b47014afdc55e3f43d6d6527ef6acd74769696994a30876ca65802480e087c944d2ef7e47f27df7797dfccd37df9048fb3b00718f3d46644242f3fbebd7aeb163fd7a12519c7121c0cd2fbec0e96831f8274e9ecc4d9389aa5ebe0c70a3aa1501c4c7c7536b324902900410bc035e9b958571c102fabcf5164356ae2473d122c2c41620406141011b376e6cf67efbda3f4f993d1b8db6e5b1e5e4e49024667f77ec41f5dfff4ebdc76e406a6a2a194f3ec94d0253eda6a751df8a008c4623611919dcfa9e105c7742c6010410a9a9a97cb0772f26daee8b6b434208090bc318174754723286888816d3bfa4848d1b37727ce346a688b5bc1a01846667133f7c78f3fb86fa7ab66edb4682200db757c0999f4fe9e9d39866cd02c06030307dee5c36fce94f64e07f4c40b0c27aa96d31ef0183075377e284240049003db8a64f4e263939d9efefdbac56f2f3f3f9f2cb2ff9c392258c0646a01496505b0224ce9b47a8088401c8cbcbe3c0962dcca4ed9efbcd3d7b489f3e1dad8814bc6ff4689667655171fe3c51742e3e3fd8e0b87a1597d3e96509f5e9d387625af4fa658e805c020467e7b5db292d29e1c2b973ecfde20b56ae5cc98a575e614a6d2d6380145f83d3642265f264af8f0e1e3aa404cba004e4783ecc9a56bb010909098c59b890a2efc13240131d0d1aef216eb55a7179108084b400ba1db76edda2a0d5debe5eaf67f8f0e168448775015feddfcf892347b8b07e3df16633738409df4798e76ab357d4d34f13939adafcbeb6a6866dc2fcefa7421acefc7ccca74e11f5d0430ad36bb54c9b3d9bdfbffd36594018bd377436242dadb93ddd28282890f51f2501f42c0a0b0bf970d9322f1f80d16422e617bfa0df8001809215181717c7e9f5eb79c06ca63f4ae8b0bb9c992fd3b5ff0f7f88ced032cc2fe5e6727cf76e66a0ec1aa83dc89b7bf6903e7366f332202b2b8bd0d9b331efdeddab63e78d23477a939dd3495e5e1e23e95cf4a184248080a2b1b191af57ac600a4a4968f78c949b9646fc8b2fa20f0d45a3d1307efc78cefffce7d4ffea57c4b633ebbba11b3386a4565b86b1b1b17cb6772f918240d41ea4e71a199450e329f3e6717cf76e06d23b8a57aa21aa9560494d4d0d85f9f98c92042009a0a76110b37f1f0f02a8f99fffe1e6d8b1a40af18ec8c848b21f7f9cbf7cfd35353b76745850b2cffcf944c4c77b7d3678f060060f1edce9fb9b34752a5b816ae137e88d1d2066d830aff7c5c5c5c4e29d822de11fa41330c07047f0b9135b7480263797fcb56ba9bb75abf97b69e9e94c7ef145ae994c1dc6b00f9839b3cd9af7763168d020063ef30c37e99da1c1daf474fab62280bcbc3cfa82d405901640f0a2f60f7fe0daa449642d588056a743abd5327ef2642ebcf61a25bff90d0351dffb372e5840dfa1439bdfbb5c2e4e9d3a85d3e97fd47b5a5a1a717171caef198d4ccfce66cbaa55cd3101bdc9648efbc94f88f45041b2dbed1c3a748868909a009200821b857ffe3389a346119f91d1bc267ff8892758959343f4be7df45131c9921e7904436464f3fbf2f272962e5d8ace6a2511ff04371e7cea2926cd99d3fcfefe071e60657a3a15f9f998e89c68688f76d6091318bc7021da56b2649f7dfa2977090b402fbb99248060856ddf3eae7cf61951afbf4e687838001999998c4a7e483a00000461494441547bf9658eefdb473810ee31236b1212e83f71a2d76f9c3871822f57ad62124ac460a41fd7bd1519896dda34f4228330292989518f3f4ef1fbefd3af970c9a90b16319fcefff4edfcc4cafd97fcf9e3de80b0b49417186ca35adf4010435ca972ea5f0c891e6f73a9d8ec9d3a713f1c61b98f14e66895abc98e894941602b1d9d8b16307c9403a8ac2509c1f2f3efd94ca6bd7bcae3963ce1c0a803a823c85d66422e6dffe8d8c254b18346d9ad7ec7feedc39d6ad5dcb40945d9730e40e80b400821d6633d756aea4eff0e144272501ca96dedca79e62edd75f13959343ac60e6fe73e7a2d3ebbdccddcd7ffd2ba35024b3fc8ee9afada5e8abaf48f0f0258cbceb2eb453a752b67f3f311e4b8988679ec1e0916de8355be8bc57d803070e64d29b6fd24f65fd5df9e187505beb5793444646f2f09b6f3208b17b12124248642486b838225352884e4f272e3ddd4b03a1a0a080d5ab57539993c374d11eb2334b02e8156858bb96fc2953b8fb273f691ee0c3b2b218fdd24b9ccfc951d471c78e25e99e7bbcce3b78f020e1663329285b8d9d31dfccfff8078d3ffe31613131cda43361de3c2eecdf4f2a2d310129f3e7139b91a12a48a20bf5f6384c9e3c99fbefbb0fa3584678cebefbd7af47535b4ba81ff7d9bf7f7f9efce94f310822d2e974e8f47a0ce1e184c7c67a9120407e5e1e9b366f66cb7fff371381a1622924cd594900bd0637fffc6712c78ca1dfdd772b0f222484071f7a88dc575fa56cd932062e5840789f3ecddfafabab63ebd6ad240203e8bcf7deba7b37e6b36719e8e153983a6d1a5f00352831013a203a3d9df856db6cbe30404437aae1bcc1403890264cf3f6101313438c20a6f6505959c9e5dc5c3edfb58bf54b963011b8472c8564479604d0fdebf9e3c7b13b9dd48a4174f6c205bfcf751c3d4adefaf5d49495518d2283ed04aa80526058430379fbf6d18422257eb3bc9c439b37335d74f8db71dcddd8ba95a6a6266a50e4b32aabab29054a84e91d06941c3e4c4d49093540bd8a7fc0455bb932ad0a19edadab63084a8e435807ede64ee1d5d05609c9f37a050505ecdcba95cacd9b990d6440f34e885cfbdf1e345b65f25497601303a81045722b54747a7fbdeb36c00c14a0885a6a50bcd983c4ac5c095c178331440c547f66555fb00365c00d413a7a14f9ef811e7e00abf83f5d15108911e679b81fede62ff4288ecd04b10c92e5c12401f4285c6250d93d66c5904e744c770aabcde37c8d385f2b8e79feb6cee3d8edde6febebb5fe4d9738de55792dadf02d68fd6c377fe1960e97413f7209d0f30c2a068fbe0be7b7a7bbaf25b0fbf41d5dcffd1d03775634a4abed26111848c7a98484240009090949001212129200242424240148484848029090909004202121210940424242128084848424000909094900121212920024242424014848484802909090900420212121094042424212808484842400090909490012121292002424242401484848480290909090042021212109404242421280848484240009090949001212129200242424ba86ff0f6821620135ddf8700000000049454e44ae426082);

-- --------------------------------------------------------

--
-- Tabellenstruktur für Tabelle `clanms_event_enrolls`
--

DROP TABLE IF EXISTS `clanms_event_enrolls`;
CREATE TABLE `clanms_event_enrolls` (
  `id` int(11) NOT NULL,
  `id_user` int(11) NOT NULL,
  `id_event` int(11) NOT NULL,
  `enrolled` timestamp NOT NULL DEFAULT current_timestamp() ON UPDATE current_timestamp()
) ENGINE=InnoDB DEFAULT CHARSET=utf8mb4;

-- --------------------------------------------------------

--
-- Tabellenstruktur für Tabelle `clanms_faq`
--

DROP TABLE IF EXISTS `clanms_faq`;
CREATE TABLE `clanms_faq` (
  `id` int(11) NOT NULL,
  `question` varchar(255) DEFAULT NULL,
  `answer` text DEFAULT NULL,
  `created` timestamp NOT NULL DEFAULT current_timestamp() ON UPDATE current_timestamp()
) ENGINE=InnoDB DEFAULT CHARSET=utf8mb4;

--
-- Daten für Tabelle `clanms_faq`
--

INSERT INTO `clanms_faq` (`id`, `question`, `answer`, `created`) VALUES
(1, 'Wie super ist ClanMS eigentlich?', 'Besser gehts garnicht!', '2022-03-24 16:49:41');

-- --------------------------------------------------------

--
-- Tabellenstruktur für Tabelle `clanms_galleries`
--

DROP TABLE IF EXISTS `clanms_galleries`;
CREATE TABLE `clanms_galleries` (
  `id` int(11) NOT NULL,
  `title` varchar(50) DEFAULT NULL,
  `description` varchar(150) DEFAULT NULL,
  `path_thumbnail` text NOT NULL DEFAULT './../ressources/images/gallery.jpg'
) ENGINE=InnoDB DEFAULT CHARSET=utf8mb4;

-- --------------------------------------------------------

--
-- Tabellenstruktur für Tabelle `clanms_gallery_images`
--

DROP TABLE IF EXISTS `clanms_gallery_images`;
CREATE TABLE `clanms_gallery_images` (
  `id` int(11) NOT NULL,
  `id_gallery` int(11) NOT NULL,
  `id_image` int(11) NOT NULL
) ENGINE=InnoDB DEFAULT CHARSET=utf8mb4;

--
-- Trigger `clanms_gallery_images`
--
DROP TRIGGER IF EXISTS `delete_images`;
DELIMITER $$
CREATE TRIGGER `delete_images` AFTER DELETE ON `clanms_gallery_images` FOR EACH ROW BEGIN
    DELETE FROM clanms_images WHERE id = OLD.id_image;
END
$$
DELIMITER ;
-- --------------------------------------------------------

--
-- Tabellenstruktur für Tabelle `clanms_game`
--

DROP TABLE IF EXISTS `clanms_game`;
CREATE TABLE `clanms_game` (
  `id` int(11) NOT NULL,
  `title` varchar(100) NOT NULL,
  `description` text DEFAULT NULL,
  `image` blob NOT NULL
) ENGINE=InnoDB DEFAULT CHARSET=utf8mb4;

--
-- Daten für Tabelle `clanms_game`
--

INSERT INTO `clanms_game` (`id`, `title`, `description`, `image`) VALUES
(1, 'League of Legends', NULL, ''),
(2, 'Counter Strike', NULL, ''),
(3, 'World of Warcraft', NULL, ''),
(4, 'Valorant', NULL, ''),
(5, 'Trackmania', NULL, ''),
(6, 'DOTA 2', NULL, ''),
(7, 'Overwatch', NULL, ''),
(8, 'Rocket League', NULL, ''),
(9, 'FIFA', NULL, ''),
(10, 'Starcraft 2', NULL, '');

-- --------------------------------------------------------

--
-- Tabellenstruktur für Tabelle `clanms_groups`
--

DROP TABLE IF EXISTS `clanms_groups`;
CREATE TABLE `clanms_groups` (
  `id` int(11) NOT NULL,
  `title` varchar(255) NOT NULL,
  `description` text NOT NULL
) ENGINE=InnoDB DEFAULT CHARSET=utf8mb4;

--
-- Daten für Tabelle `clanms_groups`
--

INSERT INTO `clanms_groups` (`id`, `title`, `description`) VALUES
(1, 'Administrator', 'Highest rank. Don\'t change this one!'),
(2, 'Moderator', 'Second highest rank.'),
(3, 'Member', 'Standard group for activated and promoted users.'),
(4, 'Registered', 'Standard group for registered users. (Activated but not promoted)');

-- --------------------------------------------------------

--
-- Tabellenstruktur für Tabelle `clanms_group_has_rights`
--

DROP TABLE IF EXISTS `clanms_group_has_rights`;
CREATE TABLE `clanms_group_has_rights` (
  `id` int(11) NOT NULL,
  `id_group` int(11) NOT NULL,
  `id_right` int(11) NOT NULL,
  `value` int(11) DEFAULT NULL
) ENGINE=InnoDB DEFAULT CHARSET=utf8mb4;

--
-- Daten für Tabelle `clanms_group_has_rights`
--

INSERT INTO `clanms_group_has_rights` (`id`, `id_group`, `id_right`, `value`) VALUES
(1, 1, 1, 100),
(2, 1, 2, 100),
(3, 1, 3, 100),
(4, 1, 4, 100),
(5, 1, 5, 100),
(6, 1, 6, 100),
(7, 1, 7, 100),
(8, 2, 1, 50),
(9, 2, 2, 75),
(10, 2, 3, 25),
(11, 2, 4, 0),
(12, 2, 5, 75),
(13, 2, 6, 25),
(14, 2, 7, 25),
(15, 3, 1, 0),
(16, 3, 2, 0),
(17, 3, 3, 0),
(18, 3, 4, 0),
(19, 3, 5, 25),
(20, 3, 6, 0),
(21, 3, 7, 0),
(22, 4, 1, 0),
(23, 4, 2, 0),
(24, 4, 3, 0),
(25, 4, 4, 0),
(26, 4, 5, 0),
(27, 4, 6, 0),
(28, 4, 7, 0),
(29, 1, 8, 100),
(30, 2, 8, 0),
(31, 3, 8, 0),
(32, 4, 8, 0),
(33, 1, 9, 100),
(34, 3, 9, 0),
(35, 2, 9, 25),
(37, 1, 10, 100),
(38, 2, 10, 0),
(39, 3, 10, 0),
(40, 4, 10, 0),
(41, 1, 11, 100),
(42, 2, 11, 75),
(43, 3, 11, 25),
(44, 4, 11, 0),
(45, 1, 12, 100),
(46, 2, 12, 75),
(47, 3, 12, 25),
(48, 4, 12, 0);

-- --------------------------------------------------------

--
-- Tabellenstruktur für Tabelle `clanms_images`
--

DROP TABLE IF EXISTS `clanms_images`;
CREATE TABLE `clanms_images` (
  `id` int(11) NOT NULL,
  `title` varchar(50) DEFAULT NULL,
  `description` text DEFAULT NULL,
  `filename` text DEFAULT NULL
) ENGINE=InnoDB DEFAULT CHARSET=utf8mb4;

-- --------------------------------------------------------

--
-- Tabellenstruktur für Tabelle `clanms_news`
--

DROP TABLE IF EXISTS `clanms_news`;
CREATE TABLE `clanms_news` (
  `id` int(11) NOT NULL,
  `headline` varchar(255) NOT NULL,
  `content` longtext DEFAULT NULL,
  `id_author` int(11) DEFAULT NULL,
  `date_created` datetime DEFAULT NULL,
  `date_published` datetime DEFAULT NULL,
  `color` varchar(50) NOT NULL,
  `last_edited` datetime DEFAULT NULL,
  `id_editor` int(11) DEFAULT NULL
) ENGINE=InnoDB DEFAULT CHARSET=utf8mb4;

--
-- Daten für Tabelle `clanms_news`
--

INSERT INTO `clanms_news` (`id`, `headline`, `content`, `id_author`, `date_created`, `date_published`, `color`, `last_edited`, `id_editor`) VALUES
(1, 'ClanMS - Newsblog', '## ClanMS Release\r\n> *\"Die besten Dinge im Leben sind nicht die, die man für Geld bekommt.\"* - Albert Einstein\r\n\r\n**Herzlich Willkommen auf deinem neu eingerichteten ClanMS.**\r\n\r\nDu solltest nun Zugang zum Adminbereich haben, um Beispielsweise diesen Artikel hier anzupassen oder zu löschen.\r\nWir wünschen dir und deinen Freunden viel Spaß mit der Software. Solltest du auf Probleme stoßen, die du nicht selbst lösen kannst, zögere nicht uns zu kontaktieren.\r\n\r\n![LAN-Party](http://87.106.169.186/images/network-lan-party-1558330.jpg)\r\nDanke, dass du dich für ClanMS entschieden hast.', 1, '2022-04-17 12:27:58', '2022-04-17 12:27:00', '#dc3545', NULL, NULL);

-- --------------------------------------------------------

--
-- Tabellenstruktur für Tabelle `clanms_news_comments`
--

DROP TABLE IF EXISTS `clanms_news_comments`;
CREATE TABLE `clanms_news_comments` (
  `id` int(11) NOT NULL,
  `id_author` int(11) NOT NULL,
  `id_news` int(11) NOT NULL,
  `headline` varchar(50) DEFAULT NULL,
  `content` text DEFAULT NULL,
  `date_written` timestamp NOT NULL DEFAULT current_timestamp() ON UPDATE current_timestamp()
) ENGINE=InnoDB DEFAULT CHARSET=utf8mb4;

-- --------------------------------------------------------

--
-- Tabellenstruktur für Tabelle `clanms_rights`
--

DROP TABLE IF EXISTS `clanms_rights`;
CREATE TABLE `clanms_rights` (
  `id` int(11) NOT NULL,
  `title` varchar(100) DEFAULT NULL,
  `comment` varchar(255) NOT NULL,
  `sorting_order` int(11) NOT NULL
) ENGINE=InnoDB DEFAULT CHARSET=utf8mb4;

--
-- Daten für Tabelle `clanms_rights`
--

INSERT INTO `clanms_rights` (`id`, `title`, `comment`, `sorting_order`) VALUES
(1, 'Newsblog', 'Values to use:\r\n25 = manage own news\r\n50 = manage all news', 0),
(2, 'Eventorganizer', 'Values to use:\r\n25 = manage own events\r\n50 = manage all events', 10),
(3, 'Gallerie', 'Values to use:\r\n?', 20),
(4, 'Accountverwaltung', 'Verwaltung der Nutzeraccounts\r\nValue > 50 = Verwaltung anderer möglich', 40),
(5, 'Eventanmeldungen', 'value > 25 = user can enroll in events', 13),
(6, 'Verwaltung Eventkategorien', 'Values 0 = no rights\r\n25 = can manage event categories', 11),
(7, 'Zugang Adminbereich', '0 = no access\r\n25 = access to admin backend', 30),
(8, 'Rechteverwaltung', '0 = no access\r\n25 = full access (for now)', 41),
(9, 'Spielbearbeitung', '0 = no access\r\n25 = full access (for now)', 12),
(10, 'Anlegen neuer Gruppen', '0 = no access\r\n25 = full access (for now)', 42),
(11, 'Newsblog - Kommentarfunktion', '0 = keine rechte\r\n25 = eigene Verwalten\r\n75 = alle Verwalten', 1),
(12, 'Kommentar - Verwaltung', '0 = keine Rechte\r\n25 = eigene Verwalten\r\n75 = administration', 2);

-- --------------------------------------------------------

--
-- Tabellenstruktur für Tabelle `clanms_settings`
--

DROP TABLE IF EXISTS `clanms_settings`;
CREATE TABLE `clanms_settings` (
  `property` varchar(255) NOT NULL,
  `value` text NOT NULL
) ENGINE=InnoDB DEFAULT CHARSET=utf8mb4;

--
-- Daten für Tabelle `clanms_settings`
--

INSERT INTO `clanms_settings` (`property`, `value`) VALUES
('email', ''),
('install', 'false'),
('text_landingpage', 'Herzlich Willkommen auf deinem ClanMS!\r\n\r\nNoch ist bei weitem nicht alles funktionsfähig. Schau dich dennoch gerne ein wenig um!\r\nLinks hiervon solltest du den Eventkalender sehen. Dort bekommst du einen schnellen Überblick über alle anstehenden Aktivitäten. Oben im Header findest du die Hauptnavigation, du kannst jedoch auch über die Sidebar auf alle wichtigen Bereiche der Seite zugreifen.\r\n\r\nViel Spaß, dein ClanMS-Team! '),
('title', 'ClanMS');

-- --------------------------------------------------------

--
-- Tabellenstruktur für Tabelle `clanms_social_media`
--

DROP TABLE IF EXISTS `clanms_social_media`;
CREATE TABLE `clanms_social_media` (
  `id` int(11) NOT NULL,
  `title` varchar(100) NOT NULL,
  `description` text DEFAULT NULL,
  `icon` varchar(255) DEFAULT NULL,
  `url` varchar(255) NOT NULL,
  `display` tinyint(1) NOT NULL DEFAULT 1
) ENGINE=InnoDB DEFAULT CHARSET=utf8mb4;

--
-- Daten für Tabelle `clanms_social_media`
--

INSERT INTO `clanms_social_media` (`id`, `title`, `description`, `icon`, `url`, `display`) VALUES
(1, 'Youtube', 'YouTube is a video sharing service where users can watch, like, share, comment and upload their own videos.', 'bi-youtube', '', 0),
(2, 'Twitch', 'Twitch is a platform for live video streaming, offering nearly anything you’d want to watch, from cooking, music, Q&A sessions, and — the leading driver of traffic — video games.', 'bi-twitch', '', 0),
(3, 'Twitter', 'Twitter is an online news and social networking site where people communicate in short messages called tweets.', 'bi-twitter', '', 0),
(4, 'Instagram', 'Instagram is an American photo and video sharing social networking service founded by Kevin Systrom and Mike Krieger.', 'bi-instagram', '', 0),
(5, 'Facebook', 'Facebook is a social networking site that makes it easy for you to connect and share with family and friends online.', 'bi-facebook', '', 0),
(6, 'GitHub', 'GitHub, Inc. is a provider of Internet hosting for software development and version control using Git.', 'bi-github', 'https://github.com/dastrinken/clanms', 1);

-- --------------------------------------------------------

--
-- Tabellenstruktur für Tabelle `clanms_user`
--

DROP TABLE IF EXISTS `clanms_user`;
CREATE TABLE `clanms_user` (
  `id` int(11) NOT NULL,
  `username` varchar(25) NOT NULL,
  `password` varchar(255) NOT NULL,
  `email` varchar(100) NOT NULL,
  `registeredSince` date NOT NULL,
  `activated` tinyint(1) DEFAULT NULL,
  `activationCode` varchar(255) NOT NULL
) ENGINE=InnoDB DEFAULT CHARSET=utf8mb4;

--
-- Daten für Tabelle `clanms_user`
--

INSERT INTO `clanms_user` (`id`, `username`, `password`, `email`, `registeredSince`, `activated`, `activationCode`) VALUES
(1, 'admin', '$2y$10$xe5yvOmzP6gAUodCwZsUr.1wnS41Iqd3d7zs8JDALEQTfNdUs.0/O', 'admin@clanms.de', '2022-02-20', 1, 'a9711ca1a3dc55e66a016c18c3412834');

-- --------------------------------------------------------

--
-- Tabellenstruktur für Tabelle `clanms_user_groups`
--

DROP TABLE IF EXISTS `clanms_user_groups`;
CREATE TABLE `clanms_user_groups` (
  `id` int(11) NOT NULL,
  `id_user` int(11) DEFAULT NULL,
  `id_group` int(11) DEFAULT NULL,
  `comment` text DEFAULT NULL
) ENGINE=InnoDB DEFAULT CHARSET=utf8mb4;

--
-- Daten für Tabelle `clanms_user_groups`
--

INSERT INTO `clanms_user_groups` (`id`, `id_user`, `id_group`, `comment`) VALUES
(1, 1, 1, 'Admin account.');

-- --------------------------------------------------------

--
-- Tabellenstruktur für Tabelle `clanms_user_profile`
--

DROP TABLE IF EXISTS `clanms_user_profile`;
CREATE TABLE `clanms_user_profile` (
  `id` int(11) NOT NULL,
  `id_user` int(11) NOT NULL,
  `name` varchar(100) NOT NULL,
  `avatar` blob DEFAULT NULL,
  `info` text DEFAULT NULL
) ENGINE=InnoDB DEFAULT CHARSET=utf8mb4;

--
-- Daten für Tabelle `clanms_user_profile`
--

INSERT INTO `clanms_user_profile` (`id`, `id_user`, `name`, `avatar`, `info`) VALUES
(1, 1, 'Admin', 0x89504e470d0a1a0a0000000d49484452000001000000010008060000005c72a86600000185694343504943432070726f66696c65000028917d913d48c3401cc55f3fb4229522161471c8509d2c888a386a158a5021d40aad3a985cfa21346948525c1c05d782831f8b550717675d1d5c0541f003c4d1c949d1454afc5f526811e3c1713fdedd7bdcbd03fcf53253cde018a06a96914e26846c6e4508bd22884ef4a21f118999faac28a6e039beeee1e3eb5d9c67799ffb73f4287993013e817886e98645bc4e3cb569e99cf789a3ac2429c4e7c4a3065d90f891ebb2cb6f9c8b0efb7966d4c8a4e788a3c442b18de536662543259e248e29aa46f9feaccb0ae72dce6ab9ca9af7e42f0ce7b5e525aed31c42120b5884080132aad8401916e2b46aa49848d37ec2c33fe8f84572c9e4da0023c73c2a5021397ef03ff8ddad5998187793c209a0e3c5b63f8681d02ed0a8d9f6f7b16d374e80c03370a5b5fc953a30fd497aada5c58e80c8367071ddd2e43de072071878d2254372a4004d7fa100bc9fd137e580be5ba07bd5edadb98fd30720435da56e80834360a448d96b1eefee6aefeddf33cdfe7e0011a072802b08a55b00000006624b474400ff00ff00ffa0bda793000000097048597300000ec300000ec301c76fa8640000000774494d4507e60406111a204a85b8770000157a4944415478daed9d79905c477dc7bffddebc99bd57d74a5ead254bab238e6d611329144708b83015ecdc8484aa8470fd9118028690c29890a45295108e825095842209e1aa4a08a0121002d80ea7296c0244c6d8d8f221c9b24eeb58adf6d2eece3b3a7f3c593b47cfee9b9d995dc9f3f954b95492e77cf3fad3bfeefef5af4d61cf0e2b00684b3c2e01000200000400000800001000002000004000008000000001000002000004000008000010000020000040000080000000010000020000040000080000100000200000400000800000000100000200000400000800001000002000004000008000000001000002000004000008000010000002000004000008000010000020000040000080000000010000020000040000080000100000200000400000800000000100000200000400000800001000002000004000008000000001000002000004000008000010000020000040000080000000010000020000040000080000100000200000040000080000100000200000400000800000000100000200000400000800001000005c7ee4b8049720b1950d13299cfb73d118c91b28486691cf8fac929162435fc70446ca7b52ce93c91bc933fcc60800ca48aca2ef8d2879785cf6db53cd0df3fe789d829bd6d61fef4556e1978e2bf9dcd9e67d986e23f3e21e79d7f72bf7bc95fceecb8c29ecd961b90ccb8f1d8f547cc3bed68df5de38a0e0e675d97bdfd02afce271255f38dbb2cf54f8fc75528e68803900909d8a5a1b607cf2b4c2af9f94920cbe0f13857b8eb5b4f14b923d1ff3c3230090243b19b5fc3d924f9d56f8b593526ce76dfcc5ddc795ec1ebdeca50708e0f211c0c4d23486e4d3a7157ef984145977e3ffc231d93da34bf39da78800961b26012f15019c0babfecdfc7abf4c6f2e1d27173cc937321d7eaaed822f19c914bc7486ff99bfe72ffc3d48ff8c7f34aae453a7cb25f0d911859e14fcc6a0e4a763703b9b28fcec11d9af8e577d0eff2d83f2aee94d2387d8ca46e99f8a92b9bf5ffcaf62f5224ca462223b1acade3d5131ef11f2c3230090249da95e6acbbf6643c39364decdeb149e8f957cbe7c3c9ffcfb88c2c82af8edf5b2b1add9f8bd370c28f7d2358b5f46bcd8d82315efdeb7a0f40001b46704706cbabcf7df5568ce0cb96f94fbcd4185e7aa7be0e473671526694f6cef9aa88e405eb942c12bd635dcf825c974f9d5ffd8607e013007f0ec2091ec4333e5ffb6a9ab692f6f0a9e823fdc20f34b9dd56ffd85b3eec6ffb26e05af1a6ade325dcea4522b95def1197e7b0400763a96c6ca27e5cc40a1a9ef613a7d056fbc4ada112cfcd89d0505afdd98ce2f3493abcaa5667f3a2d25fcfe08a0dd0570be7a05c0ac0c9afe3ea63f50f0e6cdd295f3fcec5b730a6edd24d3d3fcd1a1595b21b5312b3bc34a00026877014cc6cec6da921f7c6d41c1edc352bf23b4ef370a6edb24b32adf92f776498d5c000400138e25c0ded6cdcf7a439dcabd7b53f530fd8e4df2863a5bf6be2ea9910b80008800c61c43806ebfa5efe96feb91ff9e0d738dffaf36cadfded3d2f7744a6d820860396119f05210c0d98ae5b06ee35e366bf68fff0b2ba4db22c937f2afef6fe2179273e9d025353b462e00026877019c9c2d6f2837742cd99ef9dc8bd734659dff19e24727147de288bc9b0714bc744dd9f7305dbed46da4a9b9150f4b2e004380b617c0bef3e502d8d0b9b47740930410fde0aca2f71c920ec64a3efab4a2fbc72adecbc83cb7635ef9010268afc63f934887cb27c29a9d03b01444df1f51fca163e5ffe8d87a5c2937fbd8796e0204d0c60270e4006845707935fe1f8d2afec8f1f2867e4b5f3ac75029803515723b14cbce920d8400da15c732582b97009b4d727c46f1078e967ffe97f728f8832bdd69c4aefc060a832080b68d001ccb60adc8c26b15f1cfc6ab7afee0751bd36dcb0e5c725b8a622880002e4d0138f6c4b73a07a099f8d7f75fcc2af45ebd2add74d459fbf39b1e1f015c42b00cb8dc0218ad1040a0791bd025d783ac2b2878ef56d9c948fed69e0557144c97230218470008a05d0570aa3207a070b14acf652381c18ecc8f752538d95172011802b4ab000e542c832d650ec0b2743946ba213faf048108a03d88acf470f910a06939008914dd7346f1f7469a33d6ffd575caed5ad194d7329bba641f98ebf5ed93d3dc0b08a00d7b7fc75658d38c1c80d82abcf3645531d0865ef2c123d25b23e57e794dc371a319c8ab2c45e8c1622a430e096108d05e0270e400f435e8e462a270f7b1a636fe8b12f8c7130aef5ee05c812c0270488e43421040fb09c0b1fcd5c82e403b93a8f89f475b7aa847f26fa714ee3e265b5c7cf69ee9ce658a868021c0b35b00aebdf01dfea25f2bfcd453b2f754e7d69b9d05996b7b17d7e0ef3b27ed2fff9cc9ee5185b38982575f29d3b1883ea48b5c000400d5390052cd0cba795fe76c51e13f1f92dd5b3d9b6e761514fcc9f0a28716c90b5729fce001e96079886ebf32a6702a4ab3febaeb7b6d579e03b9000c01da8f338ee5af3a7bd4e4e4ac8a1f3ee06efc3b0b0adebcb9a179056fa0a0e05d5ba5ad8eb0fd5b530a3f7240499d7bfa9d02a030080268bb08e068c5f2d76a231364ff49e283530afff209e95147efb92350f0a6cd4d292eeaadc92b78c7b0b4c9d1707f5254f8fefd4aeaa9f1ef2a377e86642004d04e2456f6c18a5e7b28c8569cc34ad1fde714bdf3a034e29891bf21affcdbb734b5b4b8b7aea0e0f62dd246c710e560acf02ff62b7e7c325b04e0905c950c01013cab7bffe9b8ac349624f789bd95cf3b1f2bfce271c5ef3de27ec08e40f9b70c37279fc025813b6a4860cc2a7af7930aef3eb5e00a81b5d5dfd33e30e32c200208e0d929005739ec27c2dac7848789e27d132abeff09259f1da9ddf8dfb6a525878a944702c3350f1749fef5a4c27f3aa8f8e054cd7c01671dc0299b4a1196145601964b00ae65af502afef5e3f29edf2fe5bd34336e3a963d17c9fe68c21dee3fc3b581f2b70db7b4f15f94c0608782776d51f87707a413d5bdbdbd775ad1bd07156df4657674a7f3101d9e1459d9f3b1ec77ced59462bd2b0a80002e4f01d4eae90fc54a0e9dadefc5ae0914bc7db86527fa3825b0be43c17bb6287cff01e9688d90ff702c7b785c59037b0e096108d03e9c6bd2b2d7d69c82b70dcb5bc2c65f1609dcb165feb306eb6182a54004d02e11c068136ef6ed3905b76f91b726bf7c37d0608782770e4b6b1bbf955c2724416b31853d3b987a5d069291a2922726658f4ca737fee959d9a295c663e9509cadf1ffd9f236feb2ef73645ae1df1c987f9ea2246a519727d3e9496bf2322b02998d9df2b7f736be190a10000030040000040000080000aa60c66509b1a36155029037b474270103208065247e645cf1df979fa197ff8f6b653a100020804b9bc82a192dca4ec6e539ee5ebabfdd74f9327d41d38edabee465f6f084d4e1c9f4e464fa83c555068aac9293b3657b004c5f4ededa792a23db348dda4e44e9f39ef929fcb4988ae90f1a2aab8600a0ea260dbf7746c9a74f56efdeabe49a40fe2d6bd3f2d9c1b37b7a25feaf13734548fa8dfcb76d50eefafe3ac64352f1f34765bf58be2fc0bf6db0a600e2c72715df75d259f6ac1473739ffc97acce745251bbc324e00284df3ca5e4a34f2fdcf825e99150f1878e29dc735c6aa7ec8a31abf87d87959ccd5ed4237eea7c55e34fef485363f834a1e8dd4f2ed8f825c9de39aee88e27157ee3547bfd0e08a0b9d8f148c9c74fd5fdbc64f7a8921333ed75b1422979683cfb357a6c32fb1d1959459f395affeff02f27153f31c98dcc1060712447aa4b7679b7ac4e8b6df4f8696dbbbca7e4f149259f2cafc39f1c9f91b7bea3adae57fcf5d3cabd68f5c2077c2456c9776bd434704400c9e9d9aacac492a4e7e4653674a4c3ad33b3b2dfafae2a14df7346fef61e6e6604b008011c9a2a1f5b6ece2bf8adc1ea7b7643a78a150268cb2297fb23c547a7e56fea9affba9e294a8f479905e02a20627ead4ff9d76d2c7b7cf2ea198577ec2f1baed9bb26645f9bc81408761902d43b04783adba19526ef98756ee0e08ccb5a9a07a7ea8fac16b8235db513bcebfaaa64e1adef907985e3fcc219ea0c2080c508e0d074f6abb8baa2e76ad3d9677bdfd90527de924726e6b9968e08c0512acc14dc4b7dde55d5a72bdb8899408600f51259e9913ac2f8753969a4e4f1cd5806b4527262265d2b1f2d4a13f3ef97370305e55eb8aafaabec3da7f8ab27d3c70c75c8dbb542b91bfa658b89e28727641f9b903d5b943a7c998d5df2b775cbdbd8b52889d99f14959c2dca5beddea66c6713d9af9dabaf4b72d516ac7179cdfa6a01980ef2021040bd37729d07609a4d9db225c268b43c5772b6a8e833879d135b353fc32b57480e0128b2e909bc92ec8345c5778ecb7c70385dcbbf77bac239e34a2479bfbb52c1efac5f94c89223d3b505f0f48c349f578dc92800b79dfcab3a65df32a864efa8648cbc17ae92e9460008a05eea1440eea601458191262399751df2b77537d0faada24f3c25fbbfad5b4a8c6e3f38ff47d83daa68b85bb9e7adccf68257e72e1e50923c3c2edde04e0a4a9e5c2089c7e59b5c1d12f28c7237ae916e5cc33d8c001a1c02d43399725597f2afddd81cf71c3a5fbbf1f71b99eb3a64aeec54f293f1dab3e94d2079685cca2800ef25ab953c9a0e33ecdd63b2af1a72cebc273f2e39b9786bae7a79cfd1b32f2acd1810c05246004d6d78072a66d22f94ff325d7e3a9ebdd01e8a63a1ece3138b7a0feff503f22b7ae9e89e33b25f9a1b9fdb7b27a4d75bc95f7832c0dbd6ad8beb1e5356c9f119f99bbbaa8635a562f36e5ca564ffa98587002ce1b50cae6ccd4980e513807daa7c5c6e56e5e4adc9a79b5c4a7fb1d9c52f359ab505791b3acbfe3395f505c76ce652dda63790b9b96faeb13b9603934373e1bf794187bca1ce4c77a4c9739b2280a56e84cbf9de7b2bd2573b6b4c6235b2beedead51dff66c324f39de43d674e00f607d5cb81c9fd63738d7ae70a29707c0657b04104c010a06d0c1059e95445a3abb18c65a793e60ac095c29b31a1c97846dec64e3da3a4cae5403b19c9de395e366722d74bbbe600faaa4f3b8abf7c229d6c5c9d4fb700f7e464fa2f6c4dee64d61f015caede71f5b8b57ac0c9068600ae50db5fbc00e419790385f4e0d0c3a9064a9703938a618d7745879253b3d904b0329002952d1fdabdb373db912b1f7f538fbc9d2be45fdbcb51630c012ea108c0cb10f28636fb187874098600592743bdf4f9de8d73ab06a5197ff10fe78e3b33bfd29b4e68e6b20d014ca72fffd6c1ec3fdd3727157fe0a88a7ffe985b32800096e76a6748ad734d3eba046095ed108e0605505384c6fdddbc6d733befec5de7646713252345d9af9584ff3bfa6a0f396a5ca3dc4bd728f8d876f9b70dca3c3fe32ecba389e23ab628330480797ba225d1adabc1e51d1f26693044f11a14408debe55d5932b33f65959c98917daa3cf9c7db70e1318e041f33cf35f2d616d26a412f59233b1dcb8e4717cb83692c941d0d957c7da44c8cf6d079ee65047009470026438373a5e3369aa7903502a8259a1a1180e9cdc9bcbc47f61be94a46fcdd33b2f795f4c2fd46deba42ed39878c15924de7857a0cebcacb8715f74dc88ecc85fdf66753dc770c012ea708205bdebb4d5af059bc3a22808ac796f6dcde73e7b6e4daff1e2beb91cdcb4bea25e6162f80cc1c8e1b8f961000edbf392f6a16fe2757269c6b55abc108c0d5fb3a7b649b310228f9dcde3c0541bcab7be68f385a7047da100120802634d6865f32cbd5768d123cd37401343c07606abf9e379097d9e5aeeceb6d2891c3524400921425dccfcc01b4360488f74f29feca09d9f14866a843c1ef0dc9f407196eee0c85445a228006bb835241769bf2e77a46de4d038affafbc90a7797e47d93661e732602bba24220004d07201dc73e6e2de7afb50a878d779e59edbbff06b661902b856011bedd5bc067bdfd2870e547f40ffe77a155724ef782f5a5dfe3ccfa495944a97335d4541478a8a3e7e48f6c7b3323b0bcabd6683bc8d9dd9870089e578008600755267218cca0d3cd655233f4b03331987234b3504c8f2397b1dcb797d39f96f5d5ffe96ae1a09eb730b7ed5e4d109d91fa733fb76efaca22f1faf73e845f32702a83700c8d579d38c5564e5b9ea09980c0ace988fdfd03e805a8dbd9e8652f2fc5a4771e55eb05ae67d85342578a090a60a575e92fe9c6c6998e0ca46acd89168ef392f7b6b927d97a08f0010408b23009d4c16eea12b1b58b7a95e4e73e4fddbf38e94dfc9060b8138f702d4f1fcd20d4ab50a767892bfbd67febafc3db985afbb6319cf4e4432ab33965d633721438045cd016ccfe8c7c456d7b9cb6508b1877cb724ae299f3cb487abb3d91a3d77c098062380d21d778d14ddac1080716c1136bdd5bf831dcdf8fdb7e6a827800016d948aecd76a28cab8776f5e4a6a27733fd354a5b57bcaffdc664f90d1f5a253f1c6dfe2f5f87004acb7499bec50792666589ec02b9d38307ab73ffe3ef9cce54acc4dbd9c78dcc1060916d647b8f629594c8fae9ac8aff7040665d87d49f93e9c94981a7645f75592e6755e0cadeadc77df9cdd5bd92ca1b78f8b127e5bd68956c6265ef1f93bd6fbab12fe7373809582a38c77efdcc02285d2add9c73ce9378439dd2b02f1d9c6bf0f6ae0915ef7a245d45182a798d7de593afdecff77223238045b691ebfa149716ae0c2f4c4069e10d26de50c7c2f30a35ca55fbdb7b149754d995d2d9ef78ef8926daadc135f89283395c217a6601943cd75ce94e1e32054ffeef0f29fedbc3d5ff73c44a23354e25be2690c7b9800c01167d7376f90afe74b3746d7d3d9c77eb3a67045059ddd65cd151fb7ddf3e5c339bae69731c8d0c014a43f74604509a18b4ad7663cdddd02fef4d57647fe1414fc11f5dc5998044000d1af28a0ee5dfb54df103e7147ffb8cf440b1f6cd7c4b9ffc17ac927fb5fb4636dd39999775cb7e2bdda1e60dd73e3bc01b282878c75625fba7943c36217b745af6816969ac49596daeca3b7508c0db70a1fc5720f97524e5b8aeafffd641d993b3f277ad985758c14d034ab6752bfec15925ff73ce7d2db6e7e4ddb85ab95f5c592e29a8115dedd9419e641dd8a95876369e4b2ff5d273ea4ca7ef2e7259f502e912962d26695aec6296a8139b2e33665caab49351d584993750a88eff22aba4229c36bdb99aebfc76344cbf7fff3234b4d8a6d7314cd2da82392353f0d212602cfb230000600e000010000020000040000080000010009700000100000200000400000800001000002000004000008000000001000002000004000008000010000020000040000080000000010000020000040000080000100000200000400000800000000100000200000400000800001000002000004000008000000001000002000004000008000001000002000004000008000010000020000040000080000000010000020000040000080000100000200000400000800000000100000200000400000800001000002000004000008000000001000002000004000008000010000020000040000080000000010000020000040000080000100000020000040000080000100000200000400000f0ace4ff01fc4cc1f8810359a40000000049454e44ae426082, 'test profilinfo');

--
-- Indizes der exportierten Tabellen
--

--
-- Indizes für die Tabelle `clanms_event`
--
ALTER TABLE `clanms_event`
  ADD PRIMARY KEY (`id`),
  ADD KEY `event_cat` (`event_cat`),
  ADD KEY `clanms_event_ibfk_2` (`id_game`);

--
-- Indizes für die Tabelle `clanms_event_category`
--
ALTER TABLE `clanms_event_category`
  ADD PRIMARY KEY (`id`);

--
-- Indizes für die Tabelle `clanms_event_enrolls`
--
ALTER TABLE `clanms_event_enrolls`
  ADD PRIMARY KEY (`id`,`id_user`,`id_event`),
  ADD KEY `id_user` (`id_user`),
  ADD KEY `id_event` (`id_event`);

--
-- Indizes für die Tabelle `clanms_faq`
--
ALTER TABLE `clanms_faq`
  ADD PRIMARY KEY (`id`);

--
-- Indizes für die Tabelle `clanms_galleries`
--
ALTER TABLE `clanms_galleries`
  ADD PRIMARY KEY (`id`);

--
-- Indizes für die Tabelle `clanms_gallery_images`
--
ALTER TABLE `clanms_gallery_images`
  ADD PRIMARY KEY (`id`),
  ADD KEY `id_gallery` (`id_gallery`),
  ADD KEY `id_image` (`id_image`);

--
-- Indizes für die Tabelle `clanms_game`
--
ALTER TABLE `clanms_game`
  ADD PRIMARY KEY (`id`);

--
-- Indizes für die Tabelle `clanms_groups`
--
ALTER TABLE `clanms_groups`
  ADD PRIMARY KEY (`id`);

--
-- Indizes für die Tabelle `clanms_group_has_rights`
--
ALTER TABLE `clanms_group_has_rights`
  ADD PRIMARY KEY (`id`,`id_group`,`id_right`) USING BTREE,
  ADD KEY `id_group` (`id_group`),
  ADD KEY `id_right` (`id_right`);

--
-- Indizes für die Tabelle `clanms_images`
--
ALTER TABLE `clanms_images`
  ADD PRIMARY KEY (`id`);

--
-- Indizes für die Tabelle `clanms_news`
--
ALTER TABLE `clanms_news`
  ADD PRIMARY KEY (`id`),
  ADD KEY `id_author` (`id_author`),
  ADD KEY `id_editor` (`id_editor`);

--
-- Indizes für die Tabelle `clanms_news_comments`
--
ALTER TABLE `clanms_news_comments`
  ADD PRIMARY KEY (`id`),
  ADD KEY `id_author` (`id_author`),
  ADD KEY `id_news` (`id_news`);

--
-- Indizes für die Tabelle `clanms_rights`
--
ALTER TABLE `clanms_rights`
  ADD PRIMARY KEY (`id`);

--
-- Indizes für die Tabelle `clanms_settings`
--
ALTER TABLE `clanms_settings`
  ADD PRIMARY KEY (`property`);

--
-- Indizes für die Tabelle `clanms_social_media`
--
ALTER TABLE `clanms_social_media`
  ADD PRIMARY KEY (`id`);

--
-- Indizes für die Tabelle `clanms_user`
--
ALTER TABLE `clanms_user`
  ADD PRIMARY KEY (`id`);

--
-- Indizes für die Tabelle `clanms_user_groups`
--
ALTER TABLE `clanms_user_groups`
  ADD PRIMARY KEY (`id`),
  ADD KEY `id_user` (`id_user`),
  ADD KEY `id_group` (`id_group`);

--
-- Indizes für die Tabelle `clanms_user_profile`
--
ALTER TABLE `clanms_user_profile`
  ADD PRIMARY KEY (`id`),
  ADD KEY `id_user` (`id_user`);

--
-- AUTO_INCREMENT für exportierte Tabellen
--

--
-- AUTO_INCREMENT für Tabelle `clanms_event`
--
ALTER TABLE `clanms_event`
  MODIFY `id` int(11) NOT NULL AUTO_INCREMENT;

--
-- AUTO_INCREMENT für Tabelle `clanms_event_category`
--
ALTER TABLE `clanms_event_category`
  MODIFY `id` int(11) NOT NULL AUTO_INCREMENT, AUTO_INCREMENT=5;

--
-- AUTO_INCREMENT für Tabelle `clanms_event_enrolls`
--
ALTER TABLE `clanms_event_enrolls`
  MODIFY `id` int(11) NOT NULL AUTO_INCREMENT;

--
-- AUTO_INCREMENT für Tabelle `clanms_faq`
--
ALTER TABLE `clanms_faq`
  MODIFY `id` int(11) NOT NULL AUTO_INCREMENT, AUTO_INCREMENT=2;

--
-- AUTO_INCREMENT für Tabelle `clanms_galleries`
--
ALTER TABLE `clanms_galleries`
  MODIFY `id` int(11) NOT NULL AUTO_INCREMENT;

--
-- AUTO_INCREMENT für Tabelle `clanms_gallery_images`
--
ALTER TABLE `clanms_gallery_images`
  MODIFY `id` int(11) NOT NULL AUTO_INCREMENT;

--
-- AUTO_INCREMENT für Tabelle `clanms_game`
--
ALTER TABLE `clanms_game`
  MODIFY `id` int(11) NOT NULL AUTO_INCREMENT, AUTO_INCREMENT=11;

--
-- AUTO_INCREMENT für Tabelle `clanms_groups`
--
ALTER TABLE `clanms_groups`
  MODIFY `id` int(11) NOT NULL AUTO_INCREMENT, AUTO_INCREMENT=6;

--
-- AUTO_INCREMENT für Tabelle `clanms_group_has_rights`
--
ALTER TABLE `clanms_group_has_rights`
  MODIFY `id` int(11) NOT NULL AUTO_INCREMENT, AUTO_INCREMENT=49;

--
-- AUTO_INCREMENT für Tabelle `clanms_images`
--
ALTER TABLE `clanms_images`
  MODIFY `id` int(11) NOT NULL AUTO_INCREMENT;

--
-- AUTO_INCREMENT für Tabelle `clanms_news`
--
ALTER TABLE `clanms_news`
  MODIFY `id` int(11) NOT NULL AUTO_INCREMENT, AUTO_INCREMENT=2;

--
-- AUTO_INCREMENT für Tabelle `clanms_news_comments`
--
ALTER TABLE `clanms_news_comments`
  MODIFY `id` int(11) NOT NULL AUTO_INCREMENT;

--
-- AUTO_INCREMENT für Tabelle `clanms_rights`
--
ALTER TABLE `clanms_rights`
  MODIFY `id` int(11) NOT NULL AUTO_INCREMENT, AUTO_INCREMENT=13;

--
-- AUTO_INCREMENT für Tabelle `clanms_social_media`
--
ALTER TABLE `clanms_social_media`
  MODIFY `id` int(11) NOT NULL AUTO_INCREMENT, AUTO_INCREMENT=7;

--
-- AUTO_INCREMENT für Tabelle `clanms_user`
--
ALTER TABLE `clanms_user`
  MODIFY `id` int(11) NOT NULL AUTO_INCREMENT, AUTO_INCREMENT=2;

--
-- AUTO_INCREMENT für Tabelle `clanms_user_groups`
--
ALTER TABLE `clanms_user_groups`
  MODIFY `id` int(11) NOT NULL AUTO_INCREMENT, AUTO_INCREMENT=2;

--
-- AUTO_INCREMENT für Tabelle `clanms_user_profile`
--
ALTER TABLE `clanms_user_profile`
  MODIFY `id` int(11) NOT NULL AUTO_INCREMENT, AUTO_INCREMENT=2;

--
-- Constraints der exportierten Tabellen
--

--
-- Constraints der Tabelle `clanms_event`
--
ALTER TABLE `clanms_event`
  ADD CONSTRAINT `clanms_event_ibfk_1` FOREIGN KEY (`event_cat`) REFERENCES `clanms_event_category` (`id`),
  ADD CONSTRAINT `clanms_event_ibfk_2` FOREIGN KEY (`id_game`) REFERENCES `clanms_game` (`id`);

--
-- Constraints der Tabelle `clanms_event_enrolls`
--
ALTER TABLE `clanms_event_enrolls`
  ADD CONSTRAINT `clanms_event_enrolls_ibfk_1` FOREIGN KEY (`id_user`) REFERENCES `clanms_user` (`id`),
  ADD CONSTRAINT `clanms_event_enrolls_ibfk_2` FOREIGN KEY (`id_event`) REFERENCES `clanms_event` (`id`);

--
-- Constraints der Tabelle `clanms_gallery_images`
--
ALTER TABLE `clanms_gallery_images`
  ADD CONSTRAINT `clanms_gallery_images_ibfk_1` FOREIGN KEY (`id_gallery`) REFERENCES `clanms_galleries` (`id`),
  ADD CONSTRAINT `clanms_gallery_images_ibfk_2` FOREIGN KEY (`id_image`) REFERENCES `clanms_images` (`id`);

--
-- Constraints der Tabelle `clanms_group_has_rights`
--
ALTER TABLE `clanms_group_has_rights`
  ADD CONSTRAINT `clanms_group_has_rights_ibfk_1` FOREIGN KEY (`id_group`) REFERENCES `clanms_groups` (`id`),
  ADD CONSTRAINT `clanms_group_has_rights_ibfk_2` FOREIGN KEY (`id_right`) REFERENCES `clanms_rights` (`id`);

--
-- Constraints der Tabelle `clanms_news`
--
ALTER TABLE `clanms_news`
  ADD CONSTRAINT `clanms_news_ibfk_1` FOREIGN KEY (`id_author`) REFERENCES `clanms_user` (`id`),
  ADD CONSTRAINT `clanms_news_ibfk_2` FOREIGN KEY (`id_editor`) REFERENCES `clanms_user` (`id`);

--
-- Constraints der Tabelle `clanms_news_comments`
--
ALTER TABLE `clanms_news_comments`
  ADD CONSTRAINT `clanms_news_comments_ibfk_1` FOREIGN KEY (`id_author`) REFERENCES `clanms_user` (`id`),
  ADD CONSTRAINT `clanms_news_comments_ibfk_2` FOREIGN KEY (`id_news`) REFERENCES `clanms_news` (`id`);

--
-- Constraints der Tabelle `clanms_user_groups`
--
ALTER TABLE `clanms_user_groups`
  ADD CONSTRAINT `clanms_user_groups_ibfk_1` FOREIGN KEY (`id_user`) REFERENCES `clanms_user` (`id`),
  ADD CONSTRAINT `clanms_user_groups_ibfk_2` FOREIGN KEY (`id_group`) REFERENCES `clanms_groups` (`id`);

--
-- Constraints der Tabelle `clanms_user_profile`
--
ALTER TABLE `clanms_user_profile`
  ADD CONSTRAINT `clanms_user_profile_ibfk_1` FOREIGN KEY (`id_user`) REFERENCES `clanms_user` (`id`);
COMMIT;

/*!40101 SET CHARACTER_SET_CLIENT=@OLD_CHARACTER_SET_CLIENT */;
/*!40101 SET CHARACTER_SET_RESULTS=@OLD_CHARACTER_SET_RESULTS */;
/*!40101 SET COLLATION_CONNECTION=@OLD_COLLATION_CONNECTION */;
